날짜,종가,sma20,mt
2018-01-29,2598.19,2516.3215,True
2018-01-30,2567.74,2520.7259999999997,True
2018-01-31,2566.46,2524.7315,True
2018-02-01,2568.54,2529.8355,True
2018-02-02,2525.39,2531.229,False
2018-02-05,2491.75,2530.1524999999997,False
2018-02-06,2453.31,2527.3065,False
2018-02-07,2396.56,2522.147,False
2018-02-08,2407.62,2518.1325,False
2018-02-09,2363.77,2511.5,False
2018-02-12,2385.38,2505.5824999999995,False
2018-02-13,2395.19,2499.255,False
2018-02-14,2421.83,2494.575,False
2018-02-19,2442.82,2490.9255000000003,False
2018-02-20,2415.12,2485.6684999999998,False
2018-02-21,2429.65,2482.0454999999997,False
2018-02-22,2414.28,2475.9294999999997,False
2018-02-23,2451.52,2471.6055,False
2018-02-26,2457.65,2466.3765,False
2018-02-27,2456.14,2460.4455000000003,False
2018-02-28,2427.36,2451.904,False
2018-03-02,2402.16,2443.625,False
2018-03-05,2375.06,2434.0550000000003,False
2018-03-06,2411.41,2426.1985,False
2018-03-07,2401.82,2420.02,False
2018-03-08,2433.08,2417.0865000000003,True
2018-03-09,2459.45,2417.3934999999997,True
2018-03-12,2484.12,2421.7715,True
2018-03-13,2494.49,2426.115,True
2018-03-14,2486.08,2432.2305,True
2018-03-15,2492.38,2437.5805,True
2018-03-16,2493.97,2442.5195,True
2018-03-19,2475.03,2445.1794999999997,True
2018-03-20,2485.52,2447.3145,True
2018-03-21,2484.97,2450.807,True
2018-03-22,2496.02,2454.1255,True
2018-03-23,2416.76,2454.2495,False
2018-03-26,2437.08,2453.5274999999997,False
2018-03-27,2452.06,2453.248,False
2018-03-28,2419.29,2451.4055,False
2018-03-29,2436.37,2451.8559999999998,False
2018-03-30,2445.85,2454.0405,False
2018-04-02,2444.16,2457.4955,False
2018-04-03,2442.43,2459.0465,False
2018-04-04,2408.06,2459.3585,False
2018-04-05,2437.52,2459.5805,False
2018-04-06,2429.58,2458.087,False
2018-04-09,2444.08,2456.085,False
2018-04-10,2450.74,2453.8975,False
2018-04-11,2444.22,2451.8044999999997,False
2018-04-12,2442.71,2449.321,False
2018-04-13,2455.07,2447.3759999999997,True
2018-04-16,2457.49,2446.4990000000003,True
2018-04-17,2453.77,2444.9114999999997,True
2018-04-18,2479.98,2444.662,True
2018-04-19,2486.1,2444.166,True
2018-04-20,2476.33,2447.1445,True
2018-04-23,2474.11,2448.996,True
2018-04-24,2464.14,2449.6,True
2018-04-25,2448.81,2451.076,False
2018-04-26,2475.64,2453.0395,True
2018-04-27,2492.4,2455.367,True
2018-04-30,2515.38,2458.928,True
2018-05-02,2505.61,2462.087,True
2018-05-03,2487.25,2466.0465,True
2018-05-04,2461.38,2467.2394999999997,False
2018-05-08,2449.81,2468.251,False
2018-05-09,2443.98,2468.246,False
2018-05-10,2464.16,2468.9170000000004,False
2018-05-11,2477.71,2470.5915,True
2018-05-14,2476.11,2472.2615,True
2018-05-15,2458.54,2472.4350000000004,False
2018-05-16,2459.82,2472.5515,False
2018-05-17,2448.45,2472.2855,False
2018-05-18,2460.65,2471.319,False
2018-05-21,2465.57,2470.2925,False
2018-05-23,2471.91,2470.0715,True
2018-05-24,2466.01,2469.6665000000003,False
2018-05-25,2460.8,2469.4995,False
2018-05-28,2478.96,2471.007,True
2018-05-29,2457.25,2470.0875,False
2018-05-30,2409.03,2465.919,False
2018-05-31,2423.01,2461.3005000000003,False
2018-06-01,2438.96,2457.968,False
2018-06-04,2447.76,2455.9935,False
2018-06-05,2453.76,2455.6125,False
2018-06-07,2470.58,2456.651,True
2018-06-08,2451.58,2457.031,False
2018-06-11,2470.15,2457.3305,True
2018-06-12,2468.83,2456.8865,True
2018-06-14,2423.48,2454.255,False
2018-06-15,2404.04,2451.5299999999997,False
2018-06-18,2376.24,2447.3509999999997,False
2018-06-19,2340.11,2441.934,False
2018-06-20,2363.91,2437.097,False
2018-06-21,2337.83,2430.71,False
2018-06-22,2357.22,2424.9754999999996,False
2018-06-25,2357.88,2419.5690000000004,False
2018-06-26,2350.92,2414.075,False
2018-06-27,2342.03,2407.2285,False
2018-06-28,2314.24,2400.078,False
2018-06-29,2326.13,2395.933,False
2018-07-02,2271.54,2388.3595,False
2018-07-03,2272.76,2380.0495,False
2018-07-04,2265.46,2370.9345000000003,False
2018-07-05,2257.55,2361.124,False
2018-07-06,2272.87,2351.2385000000004,False
2018-07-09,2285.8,2342.9494999999997,False
2018-07-10,2294.16,2334.15,False
2018-07-11,2280.62,2324.7395,False
2018-07-12,2285.06,2317.8185000000003,False
2018-07-13,2310.9,2313.1615,False
2018-07-16,2301.99,2309.449,False
2018-07-17,2297.92,2307.3395,False
2018-07-18,2290.11,2303.6495,False
2018-07-19,2282.29,2300.8725,False
2018-07-20,2289.19,2297.4710000000005,False
2018-07-23,2269.31,2293.0425,False
2018-07-24,2280.2,2289.5065,False
2018-07-25,2273.03,2286.0565,False
2018-07-26,2289.06,2284.7975,True
2018-07-27,2294.99,2283.2405,True
2018-07-30,2293.51,2284.339,True
2018-07-31,2295.26,2285.4640000000004,True
2018-08-01,2307.07,2287.5445,True
2018-08-02,2270.2,2288.177,False
2018-08-03,2287.68,2288.9175,False
2018-08-06,2286.5,2288.9525000000003,False
2018-08-07,2300.16,2289.2525,True
2018-08-08,2301.45,2290.294,True
2018-08-09,2303.71,2291.2264999999998,True
2018-08-10,2282.79,2289.821,False
2018-08-13,2248.45,2287.144,False
2018-08-14,2258.91,2285.1935000000003,False
2018-08-16,2240.8,2282.728,False
2018-08-17,2247.05,2280.966,False
2018-08-20,2247.88,2278.9004999999997,False
2018-08-21,2270.06,2278.938,False
2018-08-22,2273.33,2278.5945,False
2018-08-23,2282.6,2279.073,True
2018-08-24,2293.21,2279.2805,True
2018-08-27,2299.3,2279.496,True
2018-08-28,2303.12,2279.9764999999998,True
2018-08-29,2309.03,2280.665,True
2018-08-30,2307.35,2280.6789999999996,True
2018-08-31,2322.88,2283.313,True
2018-09-03,2307.03,2284.2805,True
2018-09-04,2315.72,2285.7415,True
2018-09-05,2291.77,2285.3219999999997,True
2018-09-06,2287.61,2284.63,True
2018-09-07,2281.58,2283.5235000000002,False
2018-09-10,2288.66,2283.817,True
2018-09-11,2283.2,2285.5545,False
2018-09-12,2282.92,2286.755,False
2018-09-13,2286.23,2289.0265000000004,False
2018-09-14,2318.25,2292.5865000000003,True
2018-09-17,2303.01,2295.343,True
2018-09-18,2308.98,2297.2889999999998,True
2018-09-19,2308.46,2299.0455,True
2018-09-20,2323.45,2301.0879999999997,True
2018-09-21,2339.17,2303.386,True
2018-09-27,2355.43,2306.1925,True
2018-09-28,2343.07,2308.19,True
2018-10-01,2338.88,2309.6825,True
2018-10-02,2309.57,2309.7935,False
2018-10-04,2274.49,2307.374,False
2018-10-05,2267.52,2305.3985000000002,False
2018-10-08,2253.83,2302.304,False
2018-10-10,2228.61,2299.1459999999997,False
2018-10-11,2129.67,2291.2490000000003,False
2018-10-12,2161.85,2285.2625,False
2018-10-15,2145.12,2278.0855,False
2018-10-16,2145.12,2271.1814999999997,False
2018-10-17,2167.51,2265.411,False
2018-10-18,2148.31,2258.515,False
2018-10-19,2156.26,2250.4155,False
2018-10-22,2161.71,2243.3505,False
2018-10-23,2106.1,2233.2065,False
2018-10-24,2097.58,2222.6625,False
2018-10-25,2063.3,2209.655,False
2018-10-26,2027.15,2194.0539999999996,False
2018-10-29,1996.05,2176.085,False
2018-10-30,2014.69,2159.666,False
2018-10-31,2029.69,2144.2065,False
2018-11-01,2024.46,2129.951,False
2018-11-02,2096.0,2121.0265,False
2018-11-05,2076.92,2111.4965,False
2018-11-06,2089.62,2103.286,False
2018-11-07,2078.69,2095.79,False
2018-11-08,2092.63,2093.9379999999996,False
2018-11-09,2086.09,2090.15,False
2018-11-12,2080.44,2086.916,False
2018-11-13,2071.23,2083.2215,False
2018-11-14,2068.05,2078.2485,False
2018-11-15,2088.06,2075.236,True
2018-11-16,2092.4,2072.043,True
2018-11-19,2100.56,2068.9855,True
2018-11-20,2082.58,2067.8095000000003,True
2018-11-21,2076.55,2066.7580000000003,True
2018-11-22,2069.95,2067.0905,True
2018-11-23,2057.48,2068.6070000000004,False
2018-11-26,2083.02,2072.9555,True
2018-11-27,2099.42,2077.192,True
2018-11-28,2108.22,2081.1185,True
2018-11-29,2114.1,2085.6004999999996,True
2018-11-30,2096.86,2085.6434999999997,True
2018-12-03,2131.93,2088.394,True
2018-12-04,2114.35,2089.6305,True
2018-12-05,2101.31,2090.7615,True
2018-12-06,2068.69,2089.5645,False
2018-12-07,2075.76,2089.048,False
2018-12-10,2053.79,2087.7155,False
2018-12-11,2052.97,2086.8025000000002,False
2018-12-12,2082.57,2087.5285,False
2018-12-13,2095.55,2087.903,True
2018-12-14,2069.38,2086.752,False
2018-12-17,2071.09,2085.2785,False
2018-12-18,2062.11,2084.255,False
2018-12-19,2078.84,2084.3695,False
2018-12-20,2060.12,2083.8779999999997,False
2018-12-21,2061.49,2084.0785,False
2018-12-24,2055.01,2082.678,False
2018-12-26,2028.01,2079.1075,False
2018-12-27,2028.44,2075.1185,False
2018-12-28,2041.04,2071.4655000000002,False
2019-01-02,2010.0,2067.1225000000004,False
2019-01-03,1993.7,2060.2110000000002,False
2019-01-04,2010.25,2055.0060000000003,False
2019-01-07,2037.1,2051.7954999999997,False
2019-01-08,2025.27,2049.6245000000004,False
2019-01-09,2064.71,2049.072,True
2019-01-10,2063.28,2049.5465,True
2019-01-11,2075.57,2050.6765,True
2019-01-14,2064.52,2049.774,True
2019-01-15,2097.18,2049.8555,True
2019-01-16,2106.1,2051.6915,True
2019-01-17,2107.06,2053.4900000000002,True
2019-01-18,2124.28,2056.5985,True
2019-01-21,2124.61,2058.8869999999997,True
2019-01-22,2117.77,2061.7695,True
2019-01-23,2127.78,2065.084,True
2019-01-24,2145.03,2069.585,True
2019-01-25,2177.73,2077.071,True
2019-01-28,2177.3,2084.514,True
2019-01-29,2183.36,2091.63,True
2019-01-30,2206.2,2101.4399999999996,True
2019-01-31,2204.85,2111.9975000000004,True
2019-02-01,2203.46,2121.6580000000004,True
2019-02-07,2203.42,2129.974,True
2019-02-08,2177.05,2137.563,True
2019-02-11,2180.73,2143.364,True
2019-02-12,2190.47,2149.7235,True
2019-02-13,2201.48,2156.0190000000002,True
2019-02-14,2225.85,2164.0855,True
2019-02-15,2196.09,2169.031,True
2019-02-18,2210.89,2174.2704999999996,True
2019-02-19,2205.63,2179.199,True
2019-02-20,2229.76,2184.473,True
2019-02-21,2228.66,2189.6755000000003,True
2019-02-22,2230.5,2195.3120000000004,True
2019-02-25,2232.56,2200.551,True
2019-02-26,2226.6,2204.6295,True
2019-02-27,2234.79,2207.4825,True
2019-02-28,2195.44,2208.3895,False
2019-03-04,2190.66,2208.7545,False
2019-03-05,2179.23,2207.406,False
2019-03-06,2175.6,2205.9435,False
2019-03-07,2165.79,2204.06,False
2019-03-08,2137.44,2200.761,False
2019-03-11,2138.1,2198.8134999999997,False
2019-03-12,2157.18,2197.636,False
2019-03-13,2148.41,2195.533,False
2019-03-14,2155.68,2193.2429999999995,False
2019-03-15,2176.11,2190.756,False
2019-03-18,2179.49,2189.9260000000004,False
2019-03-19,2177.62,2188.2625,False
2019-03-20,2177.1,2186.836,False
2019-03-21,2184.88,2184.592,True
2019-03-22,2186.95,2182.5065,True
2019-03-25,2144.86,2178.2245,False
2019-03-26,2148.8,2174.0365,False
2019-03-27,2145.62,2169.9875,False
2019-03-28,2128.1,2164.653,False
2019-03-29,2140.67,2161.9145,False
2019-04-01,2168.28,2160.7955,True
2019-04-02,2177.18,2160.693,True
2019-04-03,2203.27,2162.0765,True
2019-04-04,2206.53,2164.1135,True
2019-04-05,2209.61,2167.7219999999998,True
2019-04-08,2210.6,2171.347,True
2019-04-09,2213.56,2174.166,True
2019-04-10,2224.39,2177.965,True
2019-04-11,2224.44,2181.4030000000002,True
2019-04-12,2233.45,2184.27,True
2019-04-15,2242.88,2187.4395,True
2019-04-16,2248.63,2190.9900000000002,True
2019-04-17,2245.89,2194.4295,True
2019-04-18,2213.77,2195.874,True
2019-04-19,2216.15,2197.334,True
2019-04-22,2216.65,2200.9235,True
2019-04-23,2220.51,2204.509,True
2019-04-24,2201.03,2207.2795,False
2019-04-25,2190.5,2210.3995000000004,False
2019-04-26,2179.31,2212.3315,False
2019-04-29,2216.43,2214.739,True
2019-04-30,2203.59,2216.0595000000003,False
2019-05-02,2212.75,2216.5335000000005,False
2019-05-03,2196.32,2216.023,False
2019-05-07,2176.99,2214.3920000000003,False
2019-05-08,2168.01,2212.2625,False
2019-05-09,2102.01,2206.685,False
2019-05-10,2108.04,2200.8675,False
2019-05-13,2079.01,2193.596,False
2019-05-14,2081.84,2186.0155,False
2019-05-15,2092.78,2178.5105000000003,False
2019-05-16,2067.69,2169.4635,False
2019-05-17,2055.8,2159.959,False
2019-05-20,2055.71,2152.056,False
2019-05-21,2061.25,2144.311,False
2019-05-22,2064.86,2136.7215,False
2019-05-23,2059.59,2128.6755000000003,False
2019-05-24,2045.31,2120.8895,False
2019-05-27,2044.21,2113.575,False
2019-05-28,2048.83,2107.0510000000004,False
2019-05-29,2023.32,2097.3955,False
2019-05-30,2038.8,2089.156,False
2019-05-31,2041.74,2080.6055,False
2019-06-03,2067.85,2074.182,False
2019-06-04,2066.97,2068.681,False
2019-06-05,2069.11,2063.736,True
2019-06-07,2072.33,2062.252,True
2019-06-10,2099.49,2061.8245,True
2019-06-11,2111.81,2063.4645,True
2019-06-12,2108.75,2064.81,True
2019-06-13,2103.15,2065.3285,True
2019-06-14,2095.41,2066.7145,True
2019-06-17,2090.73,2068.4610000000002,True
2019-06-18,2098.71,2070.611,True
2019-06-19,2124.78,2073.7875,True
2019-06-20,2131.29,2077.109,True
2019-06-21,2125.62,2080.4105,True
2019-06-24,2126.33,2084.4615,True
2019-06-25,2121.64,2088.3329999999996,True
2019-06-26,2121.85,2091.984,True
2019-06-27,2134.32,2097.534,True
2019-06-28,2130.62,2102.125,True
2019-07-01,2129.74,2106.525,True
2019-07-02,2122.02,2109.2335,True
2019-07-03,2096.02,2110.6859999999997,False
2019-07-04,2108.73,2112.667,False
2019-07-05,2110.59,2114.5800000000004,False
2019-07-08,2064.17,2112.814,False
2019-07-09,2052.03,2109.825,False
2019-07-10,2058.78,2107.3265,False
2019-07-11,2080.58,2106.198,False
2019-07-12,2086.66,2105.7605,False
2019-07-15,2082.48,2105.348,False
2019-07-16,2091.87,2105.0060000000003,False
2019-07-17,2072.92,2102.413,False
2019-07-18,2066.55,2099.176,False
2019-07-19,2094.36,2097.613,False
2019-07-22,2093.34,2095.9635000000003,False
2019-07-23,2101.45,2094.954,True
2019-07-24,2082.3,2092.9764999999998,False
2019-07-25,2074.48,2089.9844999999996,False
2019-07-26,2066.26,2086.7665,False
2019-07-29,2029.48,2081.7535,False
2019-07-30,2038.68,2077.5865000000003,False
2019-07-31,2024.55,2074.013,False
2019-08-01,2017.34,2069.4435000000003,False
2019-08-02,1998.13,2063.8205,False
2019-08-05,1946.98,2057.9610000000002,False
2019-08-06,1917.5,2051.2345,False
2019-08-07,1909.71,2043.7810000000002,False
2019-08-08,1920.61,2035.7825,False
2019-08-09,1937.75,2028.3370000000002,False
2019-08-12,1942.29,2021.3275,False
2019-08-13,1925.83,2013.0254999999997,False
2019-08-14,1938.37,2006.298,False
2019-08-16,1927.17,1999.3290000000002,False
2019-08-19,1939.9,1991.6060000000002,False
2019-08-20,1960.25,1984.9515,False
2019-08-21,1964.65,1978.1115000000002,False
2019-08-22,1951.01,1971.547,False
2019-08-23,1948.3,1965.238,False
2019-08-26,1916.31,1957.7404999999999,False
2019-08-27,1924.6,1952.4965,False
2019-08-28,1941.09,1947.6169999999997,False
2019-08-29,1933.41,1943.0600000000002,False
2019-08-30,1967.79,1940.5825,True
2019-09-02,1969.19,1939.1354999999999,True
2019-09-03,1965.69,1940.071,True
2019-09-04,1988.53,1943.6225,True
2019-09-05,2004.75,1948.3745,True
2019-09-06,2009.13,1952.8004999999998,True
2019-09-09,2019.55,1956.8905,True
2019-09-10,2032.08,1961.3799999999999,True
2019-09-11,2049.2,1967.5485,True
2019-09-16,2062.22,1973.741,True
2019-09-17,2062.33,1980.4990000000003,True
2019-09-18,2070.73,1987.0404999999998,True
2019-09-19,2080.35,1993.0455000000002,True
2019-09-20,2091.52,1999.389,True
2019-09-23,2091.7,2006.4234999999996,True
2019-09-24,2101.04,2014.0605,True
2019-09-25,2073.39,2021.9144999999996,True
2019-09-26,2074.52,2029.4105,True
2019-09-27,2049.93,2034.8525000000002,True
2019-09-30,2063.05,2041.3344999999997,True
2019-10-01,2072.42,2046.5659999999996,True
2019-10-02,2031.91,2049.702,False
2019-10-04,2020.69,2052.452,False
2019-10-07,2021.73,2054.112,False
2019-10-08,2046.25,2056.187,False
2019-10-10,2028.15,2057.138,False
2019-10-11,2044.61,2058.391,False
2019-10-14,2067.4,2060.157,True
2019-10-15,2068.17,2061.1055,True
2019-10-16,2082.83,2062.136,True
2019-10-17,2077.94,2062.9165000000003,True
2019-10-18,2060.69,2062.4145,False
2019-10-21,2064.84,2061.639,True
2019-10-22,2088.86,2061.5060000000003,True
2019-10-23,2080.62,2060.952,True
2019-10-24,2085.66,2060.183,True
2019-10-25,2087.89,2060.9080000000004,True
2019-10-28,2093.6,2061.862,True
2019-10-29,2092.69,2064.0,True
2019-10-30,2080.27,2064.861,True
2019-10-31,2083.48,2065.414,True
2019-11-01,2100.2,2068.8285,True
2019-11-04,2130.24,2074.3059999999996,True
2019-11-05,2142.64,2080.3514999999998,True
2019-11-06,2144.15,2085.2465,True
2019-11-07,2144.29,2091.0535,True
2019-11-08,2137.23,2095.6845000000003,True
2019-11-11,2124.09,2098.519,True
2019-11-12,2140.92,2102.1565,True
2019-11-13,2122.45,2104.1375,True
2019-11-14,2139.23,2107.2019999999998,True
2019-11-15,2162.18,2112.2765,True
2019-11-18,2160.69,2117.069,True
2019-11-19,2153.24,2120.2879999999996,True
2019-11-20,2125.32,2122.523,True
2019-11-21,2096.6,2123.0699999999997,False
2019-11-22,2101.96,2123.7735000000002,False
2019-11-25,2123.5,2125.2685,False
2019-11-26,2121.35,2126.7015,False
2019-11-27,2127.85,2129.0805,False
2019-11-28,2118.6,2130.8365,False
2019-11-29,2087.96,2130.2245,False
2019-12-02,2091.92,2128.3085,False
2019-12-03,2084.07,2125.38,False
2019-12-04,2068.89,2121.617,False
2019-12-05,2060.74,2117.4395,False
2019-12-06,2081.85,2114.6704999999997,False
2019-12-09,2088.65,2112.8985000000002,False
2019-12-10,2098.0,2110.7525,False
2019-12-11,2105.62,2109.911,False
2019-12-12,2137.35,2109.817,True
2019-12-13,2170.25,2110.2205000000004,True
2019-12-16,2168.15,2110.5935,True
2019-12-17,2195.68,2112.7155,True
2019-12-18,2194.76,2116.1875,True
2019-12-19,2196.56,2121.1855000000005,True
2019-12-20,2204.18,2126.2964999999995,True
2019-12-23,2203.71,2130.307,True
2019-12-24,2190.08,2133.7434999999996,True
2019-12-26,2197.93,2137.2475,True
2019-12-27,2204.21,2141.528,True
2019-12-30,2197.67,2147.0135,True
2020-01-02,2175.17,2151.1760000000004,True
2020-01-03,2176.46,2155.7954999999997,True
2020-01-06,2155.07,2160.1045,False
2020-01-07,2175.54,2165.8445,True
2020-01-08,2151.31,2169.3175,False
2020-01-09,2186.45,2174.2075,True
2020-01-10,2206.39,2179.627,True
2020-01-13,2229.26,2185.8089999999997,True
2020-01-14,2238.88,2190.8855,True
2020-01-15,2230.98,2193.9219999999996,True
2020-01-16,2248.05,2197.917,True
2020-01-17,2250.57,2200.6615,True
2020-01-20,2262.64,2204.0555,True
2020-01-21,2239.69,2206.2120000000004,True
2020-01-22,2267.25,2209.3655000000003,True
2020-01-23,2246.13,2211.4865,True
2020-01-28,2176.72,2210.8185000000003,False
2020-01-29,2185.28,2210.186,False
2020-01-30,2148.0,2207.3755,False
2020-01-31,2119.01,2203.4425,False
2020-02-03,2118.88,2200.6279999999997,False
2020-02-04,2157.9,2199.7,False
2020-02-05,2165.63,2200.228,False
2020-02-06,2227.94,2202.848,True
2020-02-07,2211.95,2205.88,True
2020-02-10,2201.07,2206.611,False
2020-02-11,2223.12,2207.4474999999998,True
2020-02-12,2238.38,2207.9035000000003,True
2020-02-13,2232.96,2207.6075,True
2020-02-14,2243.59,2208.2380000000003,True
2020-02-17,2242.17,2207.9440000000004,True
2020-02-18,2208.88,2205.8595,True
2020-02-19,2210.34,2203.2445,True
2020-02-20,2195.5,2201.035,False
2020-02-21,2162.84,2195.8145,False
2020-02-24,2079.04,2187.46,False
2020-02-25,2103.61,2183.8045,False
2020-02-26,2076.77,2178.379,False
2020-02-27,2054.89,2173.7235,False
2020-02-28,1987.01,2167.1235,False
2020-03-02,2002.51,2161.3050000000003,False
2020-03-03,2014.15,2154.1175,False
2020-03-04,2059.33,2148.8025000000002,False
2020-03-05,2085.26,2141.6685,False
2020-03-06,2040.22,2133.082,False
2020-03-09,1954.77,2120.767,False
2020-03-10,1962.93,2107.7575,False
2020-03-11,1908.27,2091.252,False
2020-03-12,1834.33,2071.3205,False
2020-03-13,1771.44,2047.7130000000002,False
2020-03-16,1714.86,2021.3474999999999,False
2020-03-17,1672.44,1994.5255000000002,False
2020-03-18,1591.2,1963.5685,False
2020-03-19,1457.64,1926.6755,False
2020-03-20,1566.15,1896.841,False
2020-03-23,1482.46,1867.012,False
2020-03-24,1609.97,1842.33,False
2020-03-25,1704.76,1823.7295000000001,False
2020-03-26,1686.24,1805.297,False
2020-03-27,1717.73,1791.833,False
2020-03-30,1717.12,1777.5634999999997,False
2020-03-31,1754.64,1764.5880000000002,False
2020-04-01,1685.46,1745.8944999999999,False
2020-04-02,1724.86,1727.8745,False
2020-04-03,1725.44,1712.1354999999999,True
2020-04-06,1791.88,1703.991,True
2020-04-07,1823.6,1697.0245000000002,True
2020-04-08,1807.14,1691.968,True
2020-04-09,1836.21,1692.062,True
2020-04-10,1860.7,1696.525,True
2020-04-13,1825.76,1702.0700000000002,True
2020-04-14,1857.08,1711.3020000000001,True
2020-04-16,1857.07,1724.5955000000001,True
2020-04-17,1914.53,1747.44,True
2020-04-20,1898.36,1764.0505,True
2020-04-21,1879.38,1783.8965,True
2020-04-22,1896.15,1798.2055,True
2020-04-23,1914.73,1808.7039999999997,True
2020-04-24,1889.01,1818.8425,True
2020-04-27,1922.77,1829.0945,True
2020-04-28,1934.09,1839.943,True
2020-04-29,1947.56,1849.589,True
2020-05-04,1895.37,1860.0845000000002,True
2020-05-06,1928.76,1870.2795,True
2020-05-07,1928.61,1880.438,True
2020-05-08,1945.82,1888.1350000000002,True
2020-05-11,1935.4,1893.725,True
2020-05-12,1922.17,1899.4765,True
2020-05-13,1940.42,1904.687,True
2020-05-14,1924.96,1907.9,True
2020-05-15,1927.28,1912.9759999999999,True
2020-05-18,1937.11,1916.9774999999997,True
2020-05-19,1980.61,1923.1544999999999,True
2020-05-20,1989.64,1926.9099999999999,True
2020-05-21,1998.31,1931.9074999999998,True
2020-05-22,1970.13,1936.4450000000002,True
2020-05-25,1994.6,1941.3674999999998,True
2020-05-26,2029.78,1947.1200000000001,True
2020-05-27,2031.2,1954.2295000000001,True
2020-05-28,2028.54,1959.5179999999996,True
2020-05-29,2029.6,1964.2935000000002,True
2020-06-01,2065.08,1970.1695,True
2020-06-02,2087.19,1979.7604999999999,True
2020-06-03,2147.0,1990.6725,True
2020-06-04,2151.18,2001.801,True
2020-06-05,2181.87,2013.6035,True
2020-06-08,2184.29,2026.0480000000002,True
2020-06-09,2188.92,2039.3854999999999,True
2020-06-10,2195.69,2052.149,True
2020-06-11,2176.78,2064.7400000000002,True
2020-06-12,2132.3,2074.991,True
2020-06-15,2030.82,2079.6765,False
2020-06-16,2138.05,2087.5485,True
2020-06-17,2141.05,2095.119,True
2020-06-18,2133.48,2101.8775,True
2020-06-19,2141.32,2110.437,True
2020-06-22,2126.73,2117.0435,True
2020-06-23,2131.24,2122.1165,True
2020-06-24,2161.51,2128.632,True
2020-06-25,2112.37,2132.8235,False
2020-06-26,2134.65,2138.076,False
2020-06-29,2093.48,2139.496,False
2020-06-30,2108.33,2140.553,False
2020-07-01,2106.7,2138.538,False
2020-07-02,2135.37,2137.7475,False
2020-07-03,2152.41,2136.2745,True
2020-07-06,2187.93,2136.4565,True
2020-07-07,2164.17,2135.219,True
2020-07-08,2158.88,2133.3785000000003,True
2020-07-09,2167.9,2132.9345,True
2020-07-10,2150.25,2133.832,True
2020-07-13,2186.06,2141.594,True
2020-07-14,2183.61,2143.8720000000003,True
2020-07-15,2201.88,2146.9134999999997,True
2020-07-16,2183.76,2149.4275000000002,True
2020-07-17,2201.19,2152.421,True
2020-07-20,2198.2,2155.9945,True
2020-07-21,2228.83,2160.874,True
2020-07-22,2228.66,2164.2315,True
2020-07-23,2216.19,2169.4225,True
2020-07-24,2200.44,2172.712,True
2020-07-27,2217.86,2178.9309999999996,True
2020-07-28,2256.99,2186.3640000000005,True
2020-07-29,2263.16,2194.187,True
2020-07-30,2267.01,2200.7690000000002,True
2020-07-31,2249.37,2205.6169999999997,True
2020-08-03,2251.04,2208.7725,True
2020-08-04,2279.97,2214.5625,True
2020-08-05,2311.86,2222.2115,True
2020-08-06,2342.61,2230.947,True
2020-08-07,2351.67,2241.018,True
2020-08-10,2386.38,2251.034,True
2020-08-11,2418.67,2262.787,True
2020-08-12,2432.35,2274.3105,True
2020-08-13,2437.53,2286.999,True
2020-08-14,2407.49,2297.314,True
2020-08-18,2348.24,2304.816,True
2020-08-19,2360.54,2311.4015000000004,True
2020-08-20,2274.22,2313.6794999999997,False
2020-08-21,2304.59,2318.0995,False
2020-08-24,2329.83,2324.5690000000004,True
2020-08-25,2366.73,2332.0125,True
2020-08-26,2369.32,2337.629,True
2020-08-27,2344.45,2341.6935000000003,True
2020-08-28,2353.8,2346.033,True
2020-08-31,2326.17,2349.8730000000005,False
2020-09-01,2349.55,2354.7985,False
2020-09-02,2364.37,2359.0185,True
2020-09-03,2395.9,2363.2205000000004,True
2020-09-04,2368.25,2364.5025,True
2020-09-07,2384.22,2366.13,True
2020-09-08,2401.91,2366.9065,True
2020-09-09,2375.81,2364.7635,True
2020-09-10,2396.48,2362.9700000000003,True
2020-09-11,2396.69,2360.928,True
2020-09-14,2427.91,2361.9489999999996,True
2020-09-15,2443.58,2366.716,True
2020-09-16,2435.92,2370.4849999999997,True
2020-09-17,2406.17,2377.0825,True
2020-09-18,2412.4,2382.473,True
2020-09-21,2389.39,2385.451,True
2020-09-22,2332.59,2383.744,False
2020-09-23,2333.24,2381.94,False
2020-09-24,2272.7,2378.3525,False
2020-09-25,2278.79,2374.602,False
2020-09-28,2308.08,2373.6974999999998,False
2020-09-29,2327.89,2372.6145,False
2020-10-05,2358.0,2372.296,False
2020-10-06,2365.9,2370.796,False
2020-10-07,2386.94,2371.7304999999997,True
2020-10-08,2391.96,2372.1175000000003,True
2020-10-12,2403.73,2372.2084999999997,True
2020-10-13,2403.15,2373.5755,True
2020-10-14,2380.48,2372.7754999999997,True
2020-10-15,2361.21,2371.0015,False
2020-10-16,2341.53,2366.6825,False
2020-10-19,2346.74,2361.8405,False
2020-10-20,2358.41,2357.965,True
2020-10-21,2370.86,2356.1995,True
2020-10-22,2355.05,2353.332,True
2020-10-23,2360.81,2351.903,True
2020-10-26,2343.91,2352.469,False
2020-10-27,2330.84,2352.3489999999997,False
2020-10-28,2345.26,2355.977,False
2020-10-29,2326.67,2358.371,False
2020-10-30,2267.15,2356.3244999999997,False
2020-11-02,2300.16,2354.938,False
2020-11-03,2343.31,2354.2035,False
2020-11-04,2357.32,2353.7745,True
2020-11-05,2413.79,2355.117,True
2020-11-06,2416.5,2356.344,True
2020-11-09,2447.2,2358.5175,True
2020-11-10,2452.83,2361.0015,True
2020-11-11,2485.87,2366.271,True
2020-11-12,2475.62,2371.9914999999996,True
2020-11-13,2493.87,2379.6085,True
2020-11-16,2543.03,2389.423,True
2020-11-17,2539.15,2398.46,True
2020-11-18,2545.64,2407.1989999999996,True
2020-11-19,2547.42,2416.8175,True
2020-11-20,2553.5,2426.452,True
2020-11-23,2602.59,2439.386,True
2020-11-24,2617.76,2453.7320000000004,True
2020-11-25,2601.54,2466.546,True
2020-11-26,2625.91,2481.5080000000003,True
2020-11-27,2633.45,2499.823,True
2020-11-30,2591.34,2514.382,True
2020-12-01,2634.25,2528.929,True
2020-12-02,2675.9,2544.858,True
2020-12-03,2696.22,2558.9795,True
2020-12-04,2731.45,2574.727,True
2020-12-07,2745.44,2589.639,True
2020-12-08,2700.93,2602.044,True
2020-12-09,2755.47,2615.524,True
2020-12-10,2746.46,2629.066,True
2020-12-11,2770.06,2642.8755,True
2020-12-14,2762.2,2653.834,True
2020-12-15,2756.82,2664.7174999999997,True
2020-12-16,2771.79,2676.025,True
2020-12-17,2770.43,2687.1755000000003,True
2020-12-18,2772.18,2698.1095,True
2020-12-21,2778.65,2706.9125,True
2020-12-22,2733.68,2712.7084999999997,True
2020-12-23,2759.82,2720.6225000000004,True
2020-12-24,2806.86,2729.67,True
2020-12-28,2808.6,2738.4275000000002,True
2020-12-29,2820.51,2749.886,True
2020-12-30,2873.47,2761.8469999999998,True
2021-01-04,2944.45,2775.2745,True
2021-01-05,2990.57,2789.992,True
2021-01-06,2968.21,2801.83,True
2021-01-07,3031.68,2816.1420000000003,True
2021-01-08,3152.18,2838.7045000000003,True
2021-01-11,3148.45,2858.3535,True
2021-01-12,3125.95,2877.3280000000004,True
2021-01-13,3148.29,2896.2394999999997,True
2021-01-14,3149.93,2915.6259999999997,True
2021-01-15,3085.9,2932.08,True
2021-01-18,3013.93,2944.187,True
2021-01-19,3092.66,2960.2985,True
2021-01-20,3114.55,2977.417,True
2021-01-21,3160.84,2996.5265,True
2021-01-22,3140.63,3016.874,True
2021-01-25,3208.99,3039.3324999999995,True
2021-01-26,3140.31,3056.005,True
2021-01-27,3122.56,3071.703,True
2021-01-28,3069.05,3084.13,False
2021-01-29,2976.21,3089.2670000000003,False
2021-02-01,3056.53,3094.871,False
2021-02-02,3096.81,3100.183,False
2021-02-03,3129.68,3108.2565,True
2021-02-04,3087.55,3111.05,False
2021-02-05,3120.63,3109.4725,True
2021-02-08,3091.24,3106.612,False
2021-02-09,3084.67,3104.548,False
2021-02-10,3100.58,3102.1625,False
2021-02-15,3147.0,3102.016,True
2021-02-16,3163.25,3105.8835,True
2021-02-17,3133.73,3111.8735,True
2021-02-18,3086.66,3111.5735,False
2021-02-19,3107.62,3111.227,False
2021-02-22,3079.75,3107.1724999999997,False
2021-02-23,3070.09,3103.6455,False
2021-02-24,2994.98,3092.945,False
2021-02-25,3099.69,3090.9139999999998,True
2021-02-26,3012.95,3085.4335,False
2021-03-02,3043.87,3084.1745,False
2021-03-03,3082.99,3089.5135,False
2021-03-04,3043.49,3088.8615,False
2021-03-05,3026.26,3085.334,False
2021-03-08,2996.11,3078.6555,False
2021-03-09,2976.12,3073.084,False
2021-03-10,2958.12,3064.9584999999997,False
2021-03-11,3013.7,3061.0815000000002,False
2021-03-12,3054.39,3059.5675,False
2021-03-15,3045.71,3056.824,False
2021-03-16,3067.17,3052.8325,True
2021-03-17,3047.5,3047.045,True
2021-03-18,3066.01,3043.659,True
2021-03-19,3039.53,3041.3025000000002,False
2021-03-22,3035.46,3037.6945,False
2021-03-23,3004.74,3033.944,False
2021-03-24,2996.35,3030.257,False
2021-03-25,3008.33,3030.9245,False
2021-03-26,3041.01,3027.9905,True
2021-03-29,3036.04,3029.145,True
2021-03-30,3070.0,3030.4515,True
2021-03-31,3061.42,3029.373,True
2021-04-01,3087.4,3031.5685000000003,True
2021-04-02,3112.8,3035.8955,True
2021-04-05,3120.83,3042.1315,True
2021-04-06,3127.08,3049.6794999999997,True
2021-04-07,3137.41,3058.6440000000002,True
2021-04-08,3143.26,3065.122,True
2021-04-09,3131.88,3068.9965,True
2021-04-12,3135.59,3073.4905,True
2021-04-13,3169.08,3078.5860000000002,True
2021-04-14,3182.38,3085.33,True
2021-04-15,3194.33,3091.746,True
2021-04-16,3198.62,3099.7005,True
2021-04-19,3198.84,3107.8695,True
2021-04-20,3220.7,3118.6675000000005,True
2021-04-21,3171.66,3127.433,True
2021-04-22,3177.52,3135.8925000000004,True
2021-04-23,3186.1,3143.147,True
2021-04-26,3217.53,3152.2215,True
2021-04-27,3215.42,3159.4925,True
2021-04-28,3181.47,3165.495,True
2021-04-29,3174.07,3169.8285,True
2021-04-30,3147.86,3171.5815,False
2021-05-03,3127.2,3171.9,False
2021-05-04,3147.37,3172.9145,False
2021-05-06,3178.74,3174.9809999999998,True
2021-05-07,3197.2,3177.6780000000003,True
2021-05-10,3249.3,3183.549,True
2021-05-11,3209.43,3187.241,True
2021-05-12,3161.66,3186.87,False
2021-05-13,3122.11,3183.8565000000003,False
2021-05-14,3153.32,3181.806,False
2021-05-17,3134.52,3178.6009999999997,False
2021-05-18,3173.05,3177.3115000000003,False
2021-05-20,3162.28,3174.3905,False
2021-05-21,3156.42,3173.6285,False
2021-05-24,3144.3,3171.9674999999997,False
2021-05-25,3171.32,3171.2285,True
2021-05-26,3168.43,3168.7735000000002,False
2021-05-27,3165.51,3166.2780000000002,False
2021-05-28,3188.73,3166.641,True
2021-05-31,3203.92,3168.1335,True
2021-06-01,3221.87,3171.834,True
2021-06-02,3224.23,3176.6855000000005,True
2021-06-03,3247.43,3181.6885,True
2021-06-04,3240.08,3184.7555,True
2021-06-07,3252.12,3187.5015,True
2021-06-08,3247.83,3187.4280000000003,True
2021-06-09,3216.18,3187.7655000000004,True
2021-06-10,3224.64,3190.9145,True
2021-06-11,3249.32,3197.275,True
2021-06-14,3252.13,3202.2155,True
2021-06-15,3258.63,3208.421,True
2021-06-16,3278.68,3213.7025,True
2021-06-17,3264.96,3218.8365000000003,True
2021-06-18,3267.93,3224.4120000000003,True
2021-06-21,3240.79,3229.2365,True
2021-06-22,3263.88,3233.8645,True
2021-06-23,3276.19,3239.2524999999996,True
2021-06-24,3286.1,3245.282,True
2021-06-25,3302.84,3250.9875,True
2021-06-28,3301.89,3255.886,True
2021-06-29,3286.68,3259.1265,True
2021-06-30,3296.68,3262.749,True
2021-07-01,3282.06,3264.4804999999997,True
2021-07-02,3281.78,3266.5655,True
2021-07-05,3293.21,3268.62,True
2021-07-06,3305.21,3271.489,True
2021-07-07,3285.34,3274.9469999999997,True
2021-07-08,3252.68,3276.3489999999997,False
2021-07-09,3217.95,3274.7805,False
2021-07-12,3246.47,3274.4975,False
2021-07-13,3271.38,3275.1349999999998,False
2021-07-14,3264.81,3274.4415,False
2021-07-15,3286.22,3275.5045,True
2021-07-16,3276.91,3275.9535,True
2021-07-19,3244.04,3276.116,False
2021-07-20,3232.7,3274.557,False
2021-07-21,3215.91,3271.543,False
2021-07-22,3250.21,3269.7484999999997,False
2021-07-23,3254.42,3267.3275000000003,False
2021-07-26,3224.95,3263.4805,False
2021-07-27,3232.53,3260.773,False
2021-07-28,3236.86,3257.782,False
2021-07-29,3242.65,3255.8115000000003,False
2021-07-30,3202.32,3251.8385,False
2021-08-02,3223.04,3248.33,False
2021-08-03,3237.14,3244.9265,False
2021-08-04,3280.38,3244.6785,True
2021-08-05,3276.13,3245.851,True
2021-08-06,3270.36,3248.4715,True
2021-08-09,3260.42,3249.1690000000003,True
2021-08-10,3243.19,3247.7595,False
2021-08-11,3220.62,3245.55,False
2021-08-12,3208.38,3241.6580000000004,False
2021-08-13,3171.29,3236.377,False
2021-08-17,3143.09,3231.3295000000003,False
2021-08-18,3158.93,3227.641,False
2021-08-19,3097.83,3221.737,False
2021-08-20,3060.51,3212.252,False
2021-08-23,3090.21,3204.0415,False
2021-08-24,3138.3,3199.709,False
2021-08-25,3146.81,3195.423,False
2021-08-26,3128.53,3190.0065000000004,False
2021-08-27,3133.9,3184.569,False
2021-08-30,3144.19,3181.6625,False
2021-08-31,3199.27,3180.4739999999997,True
2021-09-01,3207.02,3178.968,True
2021-09-02,3175.85,3173.7415,True
2021-09-03,3201.06,3169.988,True
2021-09-06,3203.33,3166.6364999999996,True
2021-09-07,3187.42,3162.9865,True
2021-09-08,3162.99,3158.9764999999998,True
2021-09-09,3114.7,3153.6805,False
2021-09-10,3125.76,3149.5495,False
2021-09-13,3127.86,3147.378,False
2021-09-14,3148.83,3147.665,True
2021-09-15,3153.4,3147.3885,True
2021-09-16,3130.09,3149.0015,False
2021-09-17,3140.51,3153.0015000000003,False
2021-09-23,3127.58,3154.87,False
2021-09-24,3125.24,3154.217,False
2021-09-27,3133.64,3153.5585,False
2021-09-28,3097.92,3152.028,False
2021-09-29,3060.27,3148.3465,False
2021-09-30,3068.82,3144.578,False
2021-10-01,3019.18,3135.5734999999995,False
2021-10-05,2962.17,3123.331,False
2021-10-06,2908.31,3109.954,False
2021-10-07,2959.46,3097.8740000000003,False
2021-10-08,2956.3,3085.5225,False
2021-10-12,2916.38,3071.9705000000004,False
2021-10-13,2944.41,3061.0415000000003,False
2021-10-14,2988.64,3054.7385000000004,False
2021-10-15,3015.06,3049.2035,False
2021-10-18,3006.68,3043.1445,False
2021-10-19,3029.04,3037.1549999999997,False
2021-10-20,3013.13,3030.1415,False
2021-10-21,3007.33,3024.0035,False
2021-10-22,3006.16,3017.2859999999996,False
2021-10-25,3020.54,3011.934,True
2021-10-26,3049.08,3008.1259999999997,True
2021-10-27,3025.49,3002.7185,True
2021-10-28,3009.55,2998.3,True
2021-10-29,2970.68,2993.8205000000003,False
2021-11-01,2978.94,2989.3265,False
2021-11-02,3013.49,2989.0420000000004,True
2021-11-03,2975.71,2989.719,False
2021-11-04,2983.22,2993.4645,False
2021-11-05,2969.27,2993.955,False
2021-11-08,2960.2,2994.1499999999996,False
2021-11-09,2962.46,2996.454,False
2021-11-10,2930.17,2995.7419999999997,False
2021-11-11,2924.92,2992.5559999999996,False
2021-11-12,2968.8,2990.243,False
2021-11-15,2999.52,2989.8849999999998,True
2021-11-16,2997.21,2988.2934999999998,True
2021-11-17,2962.42,2985.7580000000003,False
2021-11-18,2947.38,2982.7605,False
2021-11-19,2971.02,2981.0035,False
2021-11-22,3013.25,2980.639,True
2021-11-23,2997.33,2978.0515,True
2021-11-24,2994.29,2976.4915,True
2021-11-25,2980.27,2975.0274999999997,True
2021-11-26,2936.44,2973.3154999999997,False
2021-11-29,2909.32,2969.8345,False
2021-11-30,2839.01,2961.1105,False
2021-12-01,2899.72,2957.311,False
2021-12-02,2945.27,2955.4134999999997,False
2021-12-03,2968.33,2955.3665,True
2021-12-06,2973.25,2956.0190000000002,True
2021-12-07,2991.72,2957.482,True
2021-12-08,3001.8,2961.0634999999997,True
2021-12-09,3029.57,2966.296,True
2021-12-10,3010.23,2968.3675,True
2021-12-13,3001.66,2968.4745,True
2021-12-14,2987.95,2968.0115,True
2021-12-15,2989.39,2969.3599999999997,True
2021-12-16,3006.41,2972.3115,True
2021-12-17,3017.73,2974.647,True
2021-12-20,2963.0,2972.1345,False
2021-12-21,2975.03,2971.0195,True
2021-12-22,2984.48,2970.529,True
2021-12-23,2998.17,2971.424,True
2021-12-24,3012.43,2975.2235,True
2021-12-27,2999.55,2979.7349999999997,True
2021-12-28,3020.24,2988.7965,True
2021-12-29,2993.29,2993.475,False
2021-12-30,2977.65,2995.094,False
2022-01-03,2988.77,2996.116,False
2022-01-04,2989.24,2996.9155,False
2022-01-05,2953.97,2995.028,False
2022-01-06,2920.53,2990.9645,False
2022-01-07,2954.89,2987.2305,False
2022-01-10,2926.72,2983.055,False
2022-01-11,2927.38,2979.341,False
2022-01-12,2972.48,2978.5675,False
2022-01-13,2962.09,2977.2025,False
2022-01-14,2921.92,2972.978,False
2022-01-17,2890.1,2966.5965,False
2022-01-18,2864.24,2961.6585,False
2022-01-19,2842.28,2955.0209999999997,False
2022-01-20,2862.68,2948.9309999999996,False
2022-01-21,2834.29,2940.737,False
2022-01-24,2792.0,2929.7155,False
2022-01-25,2720.39,2915.7574999999997,False
2022-01-26,2709.24,2900.2074999999995,False
2022-01-27,2614.49,2881.2675,False
2022-01-28,2663.34,2865.552,False
2022-02-03,2707.82,2851.5045,False
2022-02-04,2750.26,2839.5555,False
2022-02-07,2745.06,2829.1099999999997,False
2022-02-08,2746.47,2820.407,False
2022-02-09,2768.85,2811.105,False
2022-02-10,2771.93,2803.3655,False
2022-02-11,2747.71,2794.382,False
2022-02-14,2704.48,2780.982,False
2022-02-15,2676.54,2766.7045000000003,False
2022-02-16,2729.68,2757.0924999999997,False
2022-02-17,2744.09,2749.792,False
2022-02-18,2744.52,2743.806,True
2022-02-21,2743.8,2738.882,True
2022-02-22,2706.79,2731.0875,False
2022-02-23,2719.53,2725.3495,False
2022-02-24,2648.8,2718.1895,False
2022-02-25,2676.76,2716.0080000000003,False
2022-02-28,2699.18,2715.505,False
2022-03-02,2703.52,2719.9565,False
2022-03-03,2747.08,2724.1435,True
2022-03-04,2713.43,2724.424,False
2022-03-07,2651.31,2719.4764999999998,False
2022-03-08,2622.4,2713.3435,False
2022-03-10,2680.32,2710.036,False
2022-03-11,2661.28,2704.6575000000003,False
2022-03-14,2645.65,2698.3435,False
2022-03-15,2621.53,2692.0345,False
2022-03-16,2659.23,2689.772,False
2022-03-17,2694.51,2690.6705,True
2022-03-18,2707.02,2689.5375,True
2022-03-21,2686.05,2686.6355000000003,False
2022-03-22,2710.0,2684.9095,True
2022-03-23,2735.05,2684.472,True
2022-03-24,2729.66,2685.6155000000003,True
2022-03-25,2729.98,2686.138,True
2022-03-28,2729.56,2690.1760000000004,True
2022-03-29,2741.07,2693.3915,True
2022-03-30,2746.74,2695.7695,True
2022-03-31,2757.65,2698.476,True
2022-04-01,2739.85,2698.1145,True
2022-04-04,2757.9,2700.338,True
2022-04-05,2759.2,2705.7325,True
2022-04-06,2735.03,2711.364,True
2022-04-07,2695.86,2712.141,False
2022-04-08,2700.39,2714.0965,False
2022-04-11,2693.1,2716.469,False
2022-04-12,2666.76,2718.7305,False
2022-04-13,2716.49,2721.5935,False
2022-04-14,2716.71,2722.7035000000005,False
2022-04-15,2696.06,2722.1555,False
2022-04-18,2693.21,2722.5135,False
2022-04-19,2718.89,2722.9579999999996,False
2022-04-20,2718.69,2722.1400000000003,False
2022-04-21,2728.21,2722.0675,True
2022-04-22,2704.71,2720.804,False
2022-04-25,2657.13,2717.1825,False
2022-04-26,2668.31,2713.5445,False
2022-04-27,2639.06,2708.1605,False
2022-04-28,2667.49,2703.6524999999997,False
2022-04-29,2695.05,2701.4125,False
2022-05-02,2687.45,2697.89,False
2022-05-03,2680.46,2693.953,False
2022-05-04,2677.57,2691.08,False
2022-05-06,2644.51,2688.5125,False
2022-05-09,2610.81,2684.0335,False
2022-05-10,2596.56,2679.2065000000002,False
2022-05-11,2592.27,2675.482,False
2022-05-12,2550.08,2667.1615,False
2022-05-13,2604.24,2661.5379999999996,False
2022-05-16,2596.58,2656.564,False
2022-05-17,2620.44,2652.9255000000003,False
2022-05-18,2625.98,2648.2799999999997,False
2022-05-19,2592.34,2641.9625,False
2022-05-20,2639.29,2637.5165,True
2022-05-23,2647.38,2634.65,True
2022-05-24,2605.87,2632.0870000000004,False
2022-05-25,2617.22,2629.5325,False
2022-05-26,2612.45,2628.202,False
2022-05-27,2638.05,2626.73,True
2022-05-30,2669.66,2625.4605,True
2022-05-31,2685.9,2625.3830000000003,True
2022-06-02,2658.99,2624.3095000000003,True
2022-06-03,2670.65,2623.9635000000003,True
2022-06-07,2626.34,2623.055,True
2022-06-08,2626.15,2623.8219999999997,True
2022-06-09,2625.44,2625.266,True
2022-06-10,2595.87,2625.446,False
2022-06-13,2504.51,2623.1675,False
2022-06-14,2492.97,2617.6040000000003,False
2022-06-15,2447.38,2610.144,False
2022-06-16,2451.41,2601.6925,False
2022-06-17,2440.93,2592.44,False
2022-06-20,2391.03,2582.3745,False
2022-06-21,2408.93,2570.8565,False
2022-06-22,2342.81,2555.6279999999997,False
2022-06-23,2314.32,2541.0505,False
2022-06-24,2366.6,2528.5195,False
2022-06-27,2401.92,2517.993,False
2022-06-28,2422.09,2507.195,False
2022-06-29,2377.99,2492.6115,False
2022-06-30,2332.64,2474.9485,False
2022-07-01,2305.42,2457.27,False
2022-07-04,2300.34,2438.7545,False
2022-07-05,2341.78,2424.5265,False
2022-07-06,2292.01,2407.8195,False
2022-07-07,2334.27,2393.261,False
2022-07-08,2350.61,2380.9980000000005,False
2022-07-11,2340.27,2372.786,False
2022-07-12,2317.76,2364.0255,False
2022-07-13,2328.61,2358.0870000000004,False
2022-07-14,2322.32,2351.6325,False
2022-07-15,2330.98,2346.1349999999998,False
2022-07-18,2375.25,2345.346,True
2022-07-19,2370.97,2343.448,True
2022-07-20,2386.85,2345.65,True
2022-07-21,2409.16,2350.3920000000003,True
2022-07-22,2393.14,2351.719,True
2022-07-25,2403.69,2351.8075,True
2022-07-26,2412.96,2351.351,True
2022-07-27,2415.53,2353.228,True
2022-07-28,2435.27,2358.3594999999996,True
2022-07-29,2451.5,2365.6634999999997,True
2022-08-01,2452.25,2373.259,True
2022-08-02,2439.62,2378.151,True
2022-08-03,2461.45,2386.623,True
2022-08-04,2473.11,2393.5649999999996,True
2022-08-05,2490.8,2400.5744999999997,True
2022-08-08,2493.1,2408.216,True
2022-08-09,2503.46,2417.5009999999997,True
2022-08-10,2480.88,2425.1145,True
2022-08-11,2523.78,2435.1875,True
2022-08-12,2527.94,2445.0355000000004,True
2022-08-16,2533.52,2452.949,True
2022-08-17,2516.47,2460.224,True
2022-08-18,2508.05,2466.284,True
2022-08-19,2492.69,2470.4605,True
2022-08-22,2462.5,2473.9285,False
2022-08-23,2435.34,2475.511,False
2022-08-24,2447.45,2477.2355,False
2022-08-25,2477.26,2480.322,False
2022-08-26,2481.03,2482.61,False
2022-08-29,2426.89,2481.3795,False
2022-08-30,2450.93,2481.3135,False
2022-08-31,2472.05,2482.935,False
2022-09-01,2415.61,2480.643,False
2022-09-02,2409.41,2477.458,False
2022-09-05,2403.68,2473.102,False
2022-09-06,2410.02,2468.948,False
2022-09-07,2376.46,2462.598,False
2022-09-08,2384.28,2457.768,False
2022-09-13,2449.54,2454.0559999999996,False
2022-09-14,2411.42,2448.23,False
2022-09-15,2401.83,2441.6455,False
2022-09-16,2382.78,2434.9610000000002,False
2022-09-19,2355.66,2427.3415,False
2022-09-20,2367.85,2421.0995,False
2022-09-21,2347.21,2415.335,False
2022-09-22,2332.31,2410.1835,False
2022-09-23,2290.0,2402.311,False
2022-09-26,2220.94,2389.495,False
2022-09-27,2223.86,2376.6364999999996,False
2022-09-28,2169.29,2363.7565,False
2022-09-29,2170.93,2349.7565,False
2022-09-30,2155.49,2333.9285000000004,False
2022-10-04,2209.38,2323.617,False
2022-10-05,2215.22,2313.9075000000003,False
2022-10-06,2237.86,2305.6165,False
2022-10-07,2232.84,2296.7575,False
2022-10-11,2192.07,2287.538,False
2022-10-12,2202.47,2278.4474999999998,False
2022-10-13,2162.87,2264.1140000000005,False
2022-10-14,2212.55,2254.1704999999997,False
2022-10-17,2219.71,2245.0645,False
2022-10-18,2249.95,2238.423,True
2022-10-19,2237.44,2232.5119999999997,True
2022-10-20,2218.09,2225.0240000000003,False
2022-10-21,2213.12,2218.3195000000005,False
2022-10-24,2236.16,2213.5119999999997,True
2022-10-25,2235.07,2210.7655,True
2022-10-26,2249.56,2212.1964999999996,True
2022-10-27,2288.78,2215.4425,True
2022-10-28,2268.4,2220.398,True
2022-10-31,2293.61,2226.532,True
2022-11-01,2335.22,2235.5184999999997,True
2022-11-02,2336.87,2241.893,True
2022-11-03,2329.17,2247.5905,True
2022-11-04,2348.43,2253.1189999999997,True
2022-11-07,2371.79,2260.0665,True
2022-11-08,2399.04,2270.415,True
2022-11-09,2424.41,2281.5119999999997,True
2022-11-10,2402.23,2293.48,True
2022-11-11,2483.16,2307.0105,True
2022-11-14,2474.65,2319.7575,True
2022-11-15,2480.33,2331.2765,True
2022-11-16,2477.45,2343.277,True
2022-11-17,2442.9,2354.5175,True
2022-11-18,2444.48,2366.0855,True
2022-11-21,2419.5,2375.2525,True
2022-11-22,2405.27,2383.7625,True
2022-11-23,2418.01,2392.1850000000004,True
2022-11-24,2441.33,2399.8125,True
2022-11-25,2437.86,2408.2855000000004,True
2022-11-28,2408.27,2414.0185,False
2022-11-29,2433.39,2418.927,True
2022-11-30,2472.53,2425.71,True
2022-12-01,2479.84,2433.2435,True
2022-12-02,2434.33,2437.5384999999997,False
2022-12-05,2419.32,2439.915,False
2022-12-06,2393.16,2439.621,False
2022-12-07,2382.81,2437.541,False
2022-12-08,2371.08,2435.9835,False
2022-12-09,2389.04,2431.2775,False
2022-12-12,2373.02,2426.196,False
2022-12-13,2372.4,2420.7995,False
2022-12-14,2399.25,2416.8895,False
2022-12-15,2360.97,2412.793,False
2022-12-16,2360.02,2408.5699999999997,False
2022-12-19,2352.17,2405.2035,False
2022-12-20,2333.29,2401.6045000000004,False
2022-12-21,2328.95,2397.1515,False
2022-12-22,2356.73,2392.9214999999995,False
2022-12-23,2313.69,2386.7129999999997,False
2022-12-26,2317.14,2382.1565,False
2022-12-27,2332.79,2377.1265,False
2022-12-28,2280.45,2367.5225,False
2022-12-29,2236.4,2355.3504999999996,False
