날짜,종가,sma3,sma5,sma10,mt
2018-01-29,927.05,912.9233333333333,905.5939999999998,896.7049999999999,True
2018-01-30,920.96,920.3766666666667,910.9,898.6780000000001,True
2018-01-31,913.57,920.5266666666666,914.6600000000001,901.3770000000001,True
2018-02-01,908.2,914.2433333333333,916.5799999999999,902.378,True
2018-02-02,899.47,907.0799999999999,913.85,904.326,False
2018-02-05,858.22,888.6300000000001,900.0840000000001,902.8389999999999,False
2018-02-06,858.17,871.9533333333334,887.5260000000001,899.213,False
2018-02-07,829.96,848.7833333333333,870.8040000000001,892.732,False
2018-02-08,861.94,850.0233333333334,861.552,889.066,True
2018-02-09,842.6,844.8333333333334,850.1779999999999,882.0139999999999,False
2018-02-12,843.24,849.2599999999999,847.182,873.633,False
2018-02-13,829.39,838.41,841.426,864.476,False
2018-02-14,848.03,840.2199999999999,845.04,857.9220000000001,True
2018-02-19,875.81,851.0766666666667,847.814,854.683,True
2018-02-20,864.41,862.75,852.176,851.177,True
2018-02-21,875.58,871.9333333333333,858.644,852.9129999999999,True
2018-02-22,870.22,870.07,866.8100000000001,854.118,True
2018-02-23,874.78,873.5266666666666,872.1600000000001,858.6,True
2018-02-26,874.43,873.1433333333334,871.884,859.8489999999999,True
2018-02-27,874.01,874.4066666666666,873.8040000000001,862.99,True
2018-02-28,857.06,868.5,870.1,864.372,False
2018-03-02,860.23,863.7666666666668,868.1020000000001,867.4559999999999,False
2018-03-05,845.0,854.0966666666667,862.146,867.153,False
2018-03-06,859.21,854.8133333333334,859.1020000000001,865.493,True
2018-03-07,841.03,848.4133333333333,852.506,863.155,False
2018-03-08,853.94,851.3933333333334,851.882,860.991,True
2018-03-09,865.8,853.59,852.9959999999999,860.549,True
2018-03-12,884.27,868.0033333333334,860.85,861.4979999999999,True
2018-03-13,886.25,878.7733333333332,866.258,862.68,True
2018-03-14,886.92,885.8133333333334,875.436,863.9710000000001,True
2018-03-15,890.43,887.8666666666667,882.734,867.308,True
2018-03-16,894.43,890.5933333333332,888.4599999999998,870.7280000000001,True
2018-03-19,880.97,888.61,887.8,874.325,True
2018-03-20,890.4,888.6,888.6299999999999,877.4440000000001,True
2018-03-21,885.55,885.64,888.356,881.896,True
2018-03-22,871.62,882.5233333333332,884.5939999999998,883.664,False
2018-03-23,829.68,862.2833333333333,871.6439999999999,880.052,False
2018-03-26,853.69,851.6633333333333,866.1880000000001,876.994,True
2018-03-27,858.84,847.4033333333333,859.876,874.253,True
2018-03-28,850.97,854.5,852.96,870.658,False
2018-03-29,865.99,858.6,851.8340000000001,868.2139999999999,True
2018-03-30,871.09,862.6833333333334,860.116,865.8800000000001,True
2018-04-02,867.8,868.2933333333334,862.9380000000001,864.5630000000001,True
2018-04-03,872.32,870.4033333333333,865.634,862.7550000000001,True
2018-04-04,862.51,867.5433333333334,867.942,860.451,True
2018-04-05,868.93,867.9200000000001,868.53,860.182,True
2018-04-06,867.96,866.4666666666666,867.9039999999999,864.01,True
2018-04-09,874.44,870.4433333333333,869.232,866.085,True
2018-04-10,877.3,873.2333333333332,870.2279999999998,867.9310000000002,True
2018-04-11,885.38,879.04,874.802,871.372,True
2018-04-12,881.45,881.3766666666667,877.3059999999999,872.918,True
2018-04-13,891.87,886.2333333333332,882.088,874.9960000000001,True
2018-04-16,896.89,890.07,886.5780000000001,877.905,True
2018-04-17,901.22,896.66,891.3620000000001,880.7950000000001,True
2018-04-18,893.32,897.1433333333334,892.95,883.876,True
2018-04-19,882.73,892.4233333333335,893.2060000000001,885.256,False
2018-04-20,889.17,888.4066666666666,892.6659999999999,887.3770000000001,True
2018-04-23,879.02,883.64,889.092,887.835,False
2018-04-24,873.61,880.6,883.57,887.466,False
2018-04-25,869.93,874.1866666666666,878.892,885.9209999999999,False
2018-04-26,879.39,874.31,878.2239999999999,885.7149999999999,True
2018-04-27,886.49,878.6033333333334,877.6879999999999,885.177,True
2018-04-30,875.95,880.61,877.074,883.083,False
2018-05-02,871.03,877.8233333333334,876.558,880.064,False
2018-05-03,866.07,871.0166666666668,875.7860000000001,877.3389999999999,False
2018-05-04,856.34,864.48,871.176,874.7,False
2018-05-08,827.22,849.8766666666667,859.3220000000001,868.5050000000001,False
2018-05-09,850.85,844.8033333333333,854.302,865.6879999999999,True
2018-05-10,854.93,844.3333333333334,851.082,863.82,True
2018-05-11,865.93,857.2366666666667,851.0540000000001,863.4200000000001,True
2018-05-14,858.7,859.8533333333334,851.5260000000001,861.351,True
2018-05-15,862.94,862.5233333333334,858.6699999999998,858.9959999999999,True
2018-05-16,850.29,857.3100000000001,858.558,856.43,False
2018-05-17,855.62,856.2833333333333,858.6959999999999,854.8889999999999,True
2018-05-18,869.45,858.4533333333333,859.4,855.2270000000001,True
2018-05-21,872.96,866.0099999999999,862.2520000000001,856.8889999999999,True
2018-05-23,869.16,870.5233333333334,863.4959999999999,861.083,True
2018-05-24,873.32,871.8133333333334,868.1020000000001,863.3299999999999,True
2018-05-25,868.35,870.2766666666666,870.6479999999999,864.6719999999999,True
2018-05-28,879.69,873.7866666666667,872.6960000000001,866.048,True
2018-05-29,870.08,872.7066666666666,872.1200000000001,867.186,True
2018-05-30,874.22,874.6633333333334,873.132,868.314,True
2018-05-31,879.66,874.6533333333333,874.4,871.251,True
2018-06-01,883.22,879.0333333333333,877.374,874.0110000000001,True
2018-06-04,877.44,880.1066666666667,876.924,874.8100000000001,True
2018-06-05,877.16,879.2733333333334,878.3399999999999,875.2300000000001,True
2018-06-07,887.91,880.8366666666666,881.0779999999999,877.1050000000001,True
2018-06-08,878.48,881.1833333333333,880.842,877.6209999999999,True
2018-06-11,876.55,880.98,879.508,878.441,False
2018-06-12,875.04,876.69,879.028,877.976,False
2018-06-14,864.56,872.0500000000001,876.508,877.424,False
2018-06-15,866.22,868.6066666666666,872.1699999999998,876.624,False
2018-06-18,840.23,857.0033333333332,864.5199999999999,872.6809999999999,False
2018-06-19,815.39,840.6133333333333,852.2880000000001,865.8979999999999,False
2018-06-20,840.17,831.93,845.314,862.1709999999999,True
2018-06-21,826.22,827.2600000000001,837.6460000000001,857.077,False
2018-06-22,830.27,832.2199999999999,830.4559999999999,851.3130000000001,False
2018-06-25,836.0,830.8299999999999,829.61,847.0649999999999,True
2018-06-26,831.4,832.5566666666667,832.8119999999999,842.55,False
2018-06-27,826.69,831.3633333333333,830.116,837.7149999999999,False
2018-06-28,810.2,822.7633333333333,826.912,832.2790000000001,False
2018-06-29,818.22,818.37,824.5020000000001,827.479,False
2018-07-02,789.82,806.08,815.2660000000001,822.4380000000001,False
2018-07-03,795.71,801.25,808.128,820.47,False
2018-07-04,799.1,794.8766666666667,802.61,816.363,True
2018-07-05,794.05,796.2866666666665,799.3800000000001,813.146,False
2018-07-06,808.89,800.68,797.514,811.008,True
2018-07-09,808.28,803.7399999999999,801.2059999999999,808.2360000000001,True
2018-07-10,813.19,810.12,804.702,806.4150000000001,True
2018-07-11,804.78,808.75,805.838,804.2239999999999,True
2018-07-12,819.29,812.42,810.8860000000001,805.133,True
2018-07-13,827.89,817.32,814.6859999999999,806.1,True
2018-07-16,825.71,824.2966666666667,818.172,809.6890000000001,True
2018-07-17,819.72,824.44,819.4780000000001,812.09,True
2018-07-18,810.44,818.6233333333333,820.61,813.2239999999999,False
2018-07-19,796.49,808.8833333333333,816.05,813.4680000000001,False
2018-07-20,791.61,799.5133333333333,808.7940000000001,811.74,False
2018-07-23,756.96,781.6866666666666,795.0440000000001,806.608,False
2018-07-24,761.57,770.0466666666667,783.414,801.446,False
2018-07-25,748.89,755.8066666666667,771.104,795.8570000000001,False
2018-07-26,765.15,758.5366666666665,764.836,790.443,True
2018-07-27,773.98,762.6733333333333,761.3100000000001,785.052,True
2018-07-30,769.8,769.6433333333334,763.8779999999999,779.461,True
2018-07-31,775.52,773.1,766.6679999999999,775.0409999999999,True
2018-08-01,790.25,778.5233333333332,774.9399999999999,773.022,True
2018-08-02,781.38,782.3833333333333,778.186,771.511,True
2018-08-03,788.81,786.8133333333334,781.1519999999999,771.231,True
2018-08-06,781.41,783.8666666666667,783.4739999999999,773.676,True
2018-08-07,784.7,784.9733333333334,785.3100000000001,775.989,True
2018-08-08,783.81,783.3066666666667,784.0219999999999,779.481,True
2018-08-09,789.48,785.9966666666666,785.642,781.914,True
2018-08-10,784.81,786.0333333333333,784.842,782.997,True
2018-08-13,755.65,776.6466666666666,779.6899999999999,781.5820000000001,False
2018-08-14,761.94,767.4666666666667,775.138,780.2239999999999,False
2018-08-16,761.18,759.59,770.6120000000001,777.317,True
2018-08-17,772.3,765.14,767.1759999999999,776.409,True
2018-08-20,769.78,767.7533333333332,764.1699999999998,774.5060000000001,True
2018-08-21,787.15,776.41,770.47,775.0799999999999,True
2018-08-22,785.95,780.96,775.272,775.2049999999999,True
2018-08-23,791.28,788.1266666666667,781.292,775.952,True
2018-08-24,798.23,791.82,786.478,776.827,True
2018-08-27,801.04,796.85,792.7299999999999,778.45,True
2018-08-28,798.17,799.1466666666665,794.934,782.702,True
2018-08-29,803.18,800.7966666666666,798.3799999999999,786.826,True
2018-08-30,804.47,801.9399999999999,801.018,791.155,True
2018-08-31,816.97,808.2066666666666,804.766,795.6220000000001,True
2018-09-03,816.84,812.7600000000001,807.926,800.328,True
2018-09-04,827.27,820.36,813.746,804.3399999999999,True
2018-09-05,820.0,821.37,817.11,807.7450000000001,True
2018-09-06,815.18,820.8166666666666,819.2520000000001,810.135,True
2018-09-07,818.86,818.0133333333333,819.6299999999999,812.198,True
2018-09-10,816.16,816.7333333333332,819.494,813.71,True
2018-09-11,820.23,818.4166666666666,818.086,815.9159999999999,True
2018-09-12,826.33,820.9066666666668,819.3520000000001,818.231,True
2018-09-13,830.95,825.8366666666667,822.5060000000001,820.8790000000001,True
2018-09-14,834.91,830.73,825.716,822.673,True
2018-09-17,828.88,831.5799999999999,828.26,823.8770000000001,True
2018-09-18,831.85,831.88,830.5840000000001,824.335,True
2018-09-19,826.91,829.2133333333335,830.7,825.0260000000001,True
2018-09-20,821.13,826.63,828.7360000000001,825.6210000000001,False
2018-09-21,827.84,825.2933333333334,827.3220000000001,826.5189999999999,True
2018-09-27,833.01,827.3266666666667,828.1479999999999,828.204,True
2018-09-28,822.27,827.7066666666666,826.232,828.408,False
2018-10-01,816.53,823.9366666666666,824.1560000000002,827.4280000000001,False
2018-10-02,794.99,811.2633333333333,818.9280000000001,823.832,False
2018-10-04,789.0,800.1733333333333,811.1600000000001,819.241,False
2018-10-05,773.7,785.8966666666666,799.298,813.7230000000001,False
2018-10-08,767.15,776.6166666666667,788.2740000000001,807.2529999999999,False
2018-10-10,747.5,762.7833333333333,774.4680000000001,799.312,False
2018-10-11,707.38,740.6766666666666,756.9460000000001,787.937,False
2018-10-12,731.5,728.7933333333334,745.4460000000001,778.303,True
2018-10-15,718.87,719.25,734.48,766.8889999999999,False
2018-10-16,731.5,727.29,727.35,757.812,True
2018-10-17,739.15,729.84,725.68,750.0740000000001,True
2018-10-18,731.34,733.9966666666668,730.472,743.7090000000001,True
2018-10-19,740.48,736.9900000000001,732.2679999999999,738.857,True
2018-10-22,744.15,738.6566666666668,737.324,735.902,True
2018-10-23,719.0,734.5433333333334,734.824,731.0870000000001,False
2018-10-24,699.3,720.8166666666666,726.854,726.267,False
2018-10-25,686.84,701.7133333333333,717.954,724.213,False
2018-10-26,663.07,683.07,702.472,717.3700000000001,False
2018-10-29,629.7,659.87,679.582,708.4530000000001,False
2018-10-30,644.14,645.6366666666667,664.61,699.717,False
2018-10-31,648.67,640.8366666666667,654.484,690.669,True
2018-11-01,657.46,650.09,648.608,683.281,True
2018-11-02,690.65,665.5933333333334,654.124,678.298,True
2018-11-05,691.94,680.0166666666668,666.572,673.077,True
2018-11-06,691.55,691.38,676.054,670.3320000000001,True
2018-11-07,682.37,688.6199999999999,682.7940000000001,668.639,True
2018-11-08,693.67,689.1966666666666,690.0360000000001,669.322,True
2018-11-09,687.29,687.7766666666666,689.364,671.7439999999999,True
2018-11-12,670.82,683.9266666666666,685.14,675.856,False
2018-11-13,670.85,676.32,681.0,678.527,False
2018-11-14,671.56,671.0766666666667,678.838,680.816,True
2018-11-15,681.38,674.5966666666667,676.3799999999999,683.208,True
2018-11-16,690.18,681.04,676.958,683.161,True
2018-11-19,702.13,691.23,683.22,684.1800000000001,True
2018-11-20,690.81,694.3733333333333,687.2119999999999,684.106,True
2018-11-21,695.72,696.2199999999999,692.044,685.441,True
2018-11-22,692.39,692.9733333333334,694.246,685.313,True
2018-11-23,683.06,690.39,692.8219999999999,684.89,False
2018-11-26,695.36,690.27,691.468,687.344,True
2018-11-27,700.67,693.0300000000001,693.4399999999999,690.3259999999999,True
2018-11-28,700.12,698.7166666666667,694.3199999999999,693.182,True
2018-11-29,695.48,698.7566666666667,694.938,694.592,True
2018-11-30,695.76,697.1199999999999,697.4780000000001,695.15,True
2018-12-03,709.46,700.2333333333332,700.298,695.883,True
2018-12-04,708.63,704.6166666666667,701.89,697.6650000000001,True
2018-12-05,701.12,706.4033333333333,702.0899999999999,698.205,True
2018-12-06,678.38,696.0433333333334,698.67,696.804,False
2018-12-07,685.33,688.2766666666666,696.5840000000001,697.0310000000001,False
2018-12-10,670.39,678.0333333333333,688.7700000000001,694.534,False
2018-12-11,661.01,672.2433333333333,679.246,690.568,False
2018-12-12,676.48,669.2933333333334,674.318,688.204,True
2018-12-13,681.78,673.09,674.998,686.8340000000001,True
2018-12-14,666.34,674.8666666666667,671.2,683.892,False
2018-12-17,661.9,670.0066666666667,669.502,679.136,False
2018-12-18,659.67,662.6366666666667,669.234,674.24,False
2018-12-19,672.08,664.5500000000001,668.354,671.336,True
2018-12-20,668.13,666.6266666666667,665.624,670.3109999999999,True
2018-12-21,673.64,671.2833333333333,667.084,669.142,True
2018-12-24,669.79,670.52,668.662,669.0820000000001,True
2018-12-26,665.74,669.7233333333334,669.876,669.5550000000001,False
2018-12-27,667.88,667.8033333333334,669.0360000000001,668.6949999999999,True
2018-12-28,675.65,669.7566666666667,670.54,668.082,True
2019-01-02,669.37,670.9666666666667,669.686,668.385,True
2019-01-03,657.02,667.3466666666667,667.132,667.897,False
2019-01-04,664.49,663.6266666666667,666.882,668.379,True
2019-01-07,672.84,664.7833333333333,667.874,668.455,True
2019-01-08,668.49,668.6066666666667,666.442,668.491,True
2019-01-09,679.74,673.69,668.5160000000001,669.1009999999999,True
2019-01-10,683.34,677.1899999999999,673.7800000000001,670.4559999999999,True
2019-01-11,686.33,683.1366666666667,678.148,672.515,True
2019-01-14,683.09,684.2533333333334,680.198,674.036,True
2019-01-15,690.39,686.6033333333334,684.5780000000001,675.51,True
2019-01-16,693.38,688.9533333333334,687.3059999999999,677.9110000000001,True
2019-01-17,686.35,690.04,687.908,680.8439999999999,True
2019-01-18,696.34,692.0233333333334,689.9100000000001,684.029,True
2019-01-21,695.62,692.77,692.4159999999999,686.307,True
2019-01-22,694.55,695.5033333333334,693.2479999999999,688.913,True
2019-01-23,695.63,695.2666666666668,693.698,690.5020000000001,True
2019-01-24,704.41,698.1966666666667,697.31,692.609,True
2019-01-25,711.38,703.8066666666667,700.318,695.114,True
2019-01-28,714.26,710.0166666666668,704.0459999999999,698.231,True
2019-01-29,710.99,712.21,707.3340000000001,700.2909999999999,True
2019-01-30,715.3,713.5166666666668,711.268,702.483,True
2019-01-31,716.86,714.3833333333333,713.758,705.534,True
2019-02-01,716.92,716.36,714.866,707.592,True
2019-02-07,728.79,720.8566666666666,717.7719999999999,710.909,True
2019-02-08,728.74,724.8166666666666,721.3219999999999,714.328,True
2019-02-11,733.47,730.3333333333334,724.9559999999999,718.112,True
2019-02-12,730.58,730.93,727.7,720.729,True
2019-02-13,739.91,734.6533333333333,732.298,723.582,True
2019-02-14,742.27,737.5866666666667,734.994,726.383,True
2019-02-15,738.66,740.2800000000001,736.9780000000001,729.15,True
2019-02-18,745.33,742.0866666666667,739.35,732.153,True
2019-02-19,748.05,744.0133333333333,742.844,735.272,True
2019-02-20,750.69,748.0233333333334,745.0,738.649,True
2019-02-21,747.33,748.69,746.012,740.5029999999999,True
2019-02-22,743.38,747.1333333333333,746.9559999999999,741.967,True
2019-02-25,750.4,747.0366666666667,747.97,743.6600000000001,True
2019-02-26,747.09,746.9566666666666,747.778,745.311,True
2019-02-27,752.16,749.8833333333333,748.0719999999999,746.5360000000001,True
2019-02-28,731.25,743.5,744.856,745.434,False
2019-03-04,748.07,743.8266666666667,745.794,746.375,True
2019-03-05,747.95,742.4233333333335,745.3040000000001,746.637,True
2019-03-06,746.7,747.5733333333334,745.226,746.5020000000001,True
2019-03-07,736.83,743.8266666666667,742.1600000000001,745.1160000000001,False
2019-03-08,735.97,739.8333333333334,743.104,743.98,False
2019-03-11,739.09,737.2966666666667,741.308,743.551,True
2019-03-12,754.76,743.2733333333334,742.6700000000001,743.987,True
2019-03-13,754.89,749.5799999999999,744.308,744.767,True
2019-03-14,755.42,755.0233333333332,748.0260000000001,745.0930000000001,True
2019-03-15,748.36,752.89,750.504,746.804,True
2019-03-18,753.13,752.3033333333333,753.3120000000001,747.3100000000001,True
2019-03-19,748.91,750.1333333333333,752.142,747.4060000000001,True
2019-03-20,749.76,750.5999999999999,751.116,747.7120000000001,True
2019-03-21,743.52,747.3966666666666,748.736,748.381,False
2019-03-22,743.97,745.75,747.858,749.181,False
2019-03-25,727.21,738.2333333333332,742.674,747.993,False
2019-03-26,736.81,735.9966666666666,740.254,746.198,True
2019-03-27,728.45,730.8233333333334,735.992,743.554,False
2019-03-28,719.72,728.3266666666667,731.2320000000001,739.984,False
2019-03-29,729.31,725.8266666666667,728.3,738.079,True
2019-04-01,736.81,728.6133333333332,730.22,736.4469999999999,True
2019-04-02,739.57,735.23,730.7719999999999,735.513,True
2019-04-03,749.3,741.8933333333334,734.942,735.467,True
2019-04-04,751.58,746.8166666666667,741.314,736.273,True
2019-04-05,751.71,750.8633333333333,745.794,737.047,True
2019-04-08,751.92,751.7366666666667,748.816,739.518,True
2019-04-09,756.81,753.48,752.264,741.518,True
2019-04-10,760.15,756.2933333333334,754.434,744.6879999999999,True
2019-04-11,766.49,761.15,757.4159999999999,749.365,True
2019-04-12,767.85,764.8299999999999,760.644,753.2189999999999,True
2019-04-15,766.75,767.0300000000001,763.61,756.213,True
2019-04-16,765.02,766.54,765.2520000000001,758.758,True
2019-04-17,766.89,766.2199999999999,766.6,760.517,True
2019-04-18,753.52,761.81,764.0060000000001,760.711,False
2019-04-19,762.57,760.9933333333333,762.95,761.7969999999999,True
2019-04-22,762.01,759.3666666666668,762.0020000000001,762.8059999999999,True
2019-04-23,761.42,762.0,761.2819999999999,763.267,True
2019-04-24,757.82,760.4166666666666,759.4680000000001,763.034,False
2019-04-25,750.43,756.5566666666667,758.85,761.428,False
2019-04-26,741.0,749.75,754.5360000000001,758.743,False
2019-04-29,750.6,747.3433333333332,752.254,757.128,True
2019-04-30,754.74,748.7800000000001,750.918,756.1,True
2019-05-02,760.38,755.2400000000001,751.4300000000001,755.4490000000001,True
2019-05-03,761.82,758.98,753.708,756.279,True
2019-05-07,753.45,758.5500000000001,756.198,755.367,False
2019-05-08,745.37,753.5466666666666,755.152,753.703,False
2019-05-09,724.22,741.0133333333333,749.048,749.983,False
2019-05-10,722.62,730.7366666666667,741.4960000000001,746.463,False
2019-05-13,708.8,718.5466666666667,730.892,742.3,False
2019-05-14,710.16,713.86,722.234,739.216,False
2019-05-15,729.6,716.1866666666666,719.0799999999999,737.116,True
2019-05-16,717.59,719.1166666666667,717.754,733.4010000000001,False
2019-05-17,714.13,720.44,716.0559999999999,728.7760000000001,False
2019-05-20,702.08,711.2666666666668,714.712,722.802,False
2019-05-21,703.98,706.73,713.476,717.855,False
2019-05-22,706.93,704.3299999999999,708.942,714.0110000000001,True
2019-05-23,696.89,702.6,704.802,711.278,False
2019-05-24,690.03,697.9499999999999,699.982,708.019,False
2019-05-27,689.67,692.1966666666667,697.5,706.106,False
2019-05-28,702.76,694.1533333333333,697.256,705.366,True
2019-05-29,691.47,694.6333333333332,694.164,701.553,False
2019-05-30,689.33,694.52,692.6519999999999,698.727,False
2019-05-31,696.47,692.4233333333333,693.94,696.961,True
2019-06-03,697.5,694.4333333333334,695.5060000000001,696.5029999999999,True
2019-06-04,702.53,698.8333333333334,695.46,696.358,True
2019-06-05,707.75,702.5933333333332,698.716,696.4399999999999,True
2019-06-07,716.53,708.9366666666666,704.1560000000001,698.404,True
2019-06-10,721.14,715.14,709.0899999999999,701.515,True
2019-06-11,728.79,722.1533333333333,715.348,705.4269999999999,True
2019-06-12,724.32,724.75,719.706,707.583,True
2019-06-13,726.68,726.5966666666667,723.492,711.104,True
2019-06-14,722.25,724.4166666666666,724.636,714.396,True
2019-06-17,719.13,722.6866666666666,724.234,716.662,True
2019-06-18,714.86,718.7466666666666,721.448,718.3979999999999,False
2019-06-19,717.71,717.2333333333332,720.126,719.9159999999999,True
2019-06-20,727.32,719.9633333333333,720.254,721.873,True
2019-06-21,722.64,722.5566666666667,720.332,722.484,True
2019-06-24,717.69,722.5500000000001,720.0440000000001,722.139,False
2019-06-25,710.02,716.7833333333333,719.076,720.262,False
2019-06-26,709.37,712.36,717.4080000000001,718.767,False
2019-06-27,698.21,705.8666666666667,711.586,715.92,False
2019-06-28,690.53,699.37,705.164,712.748,False
2019-07-01,696.0,694.9133333333334,700.826,710.4350000000001,True
2019-07-02,696.25,694.2600000000001,698.0719999999999,708.5740000000001,True
2019-07-03,693.04,695.0966666666667,694.8059999999999,706.1070000000001,False
2019-07-04,691.27,693.52,693.4179999999999,702.502,False
2019-07-05,694.17,692.8266666666665,694.146,699.655,True
2019-07-08,668.72,684.7199999999999,688.6899999999999,694.758,False
2019-07-09,657.8,673.5633333333333,681.0,689.5360000000001,False
2019-07-10,666.9,664.4733333333334,675.772,685.289,True
2019-07-11,677.09,667.2633333333333,672.936,683.177,True
2019-07-12,681.17,675.0533333333333,670.336,682.241,True
2019-07-15,674.79,677.6833333333333,671.55,680.12,True
2019-07-16,674.42,676.7933333333333,674.874,677.9369999999999,False
2019-07-17,666.28,671.83,674.75,675.261,False
2019-07-18,665.15,668.6166666666667,672.3619999999999,672.649,False
2019-07-19,674.06,668.4966666666666,670.9399999999999,670.638,True
2019-07-22,674.78,671.3299999999999,670.938,671.2439999999999,True
2019-07-23,668.65,672.4966666666666,669.784,672.329,False
2019-07-24,659.83,667.7533333333332,668.494,671.622,False
2019-07-25,652.4,660.2933333333334,665.9440000000001,669.153,False
2019-07-26,644.59,652.2733333333334,660.05,665.495,False
2019-07-29,618.78,638.59,648.85,659.894,False
2019-07-30,625.64,629.67,640.248,655.016,False
2019-07-31,630.18,624.8666666666667,634.318,651.406,True
2019-08-01,622.26,626.0266666666666,628.29,647.117,False
2019-08-02,615.7,622.7133333333333,622.512,641.281,False
2019-08-05,569.79,602.5833333333334,612.7139999999999,630.7819999999999,False
2019-08-06,551.5,578.9966666666666,597.886,619.067,False
2019-08-07,564.64,561.9766666666667,584.778,609.548,True
2019-08-08,585.44,567.1933333333333,577.414,602.852,True
2019-08-09,590.04,580.04,572.2819999999999,597.3969999999999,True
2019-08-12,594.17,589.8833333333333,577.158,594.9359999999999,True
2019-08-13,590.75,591.6533333333333,585.008,591.4469999999999,True
2019-08-14,597.15,594.0233333333333,591.51,588.144,True
2019-08-16,591.57,593.1566666666668,592.736,585.075,True
2019-08-19,594.65,594.4566666666667,593.658,582.97,True
2019-08-20,607.01,597.7433333333333,596.226,586.692,True
2019-08-21,615.96,605.8733333333333,601.268,593.138,True
2019-08-22,612.25,611.74,604.288,597.899,True
2019-08-23,608.98,612.3966666666666,607.77,600.253,True
2019-08-26,582.91,601.38,605.4219999999999,599.5400000000001,False
2019-08-27,588.32,593.4033333333333,601.684,598.955,False
2019-08-28,602.9,591.3766666666667,599.072,600.17,True
2019-08-29,599.57,596.9300000000001,596.5360000000001,600.412,True
2019-08-30,610.55,604.34,596.85,602.3100000000001,True
2019-09-02,619.81,609.9766666666666,604.23,604.826,True
2019-09-03,620.02,616.7933333333333,610.5699999999999,606.1270000000001,True
2019-09-04,629.31,623.0466666666666,615.852,607.462,True
2019-09-05,632.99,627.4399999999999,622.5359999999998,609.536,True
2019-09-06,631.15,631.15,626.656,611.7529999999999,True
2019-09-09,625.77,629.9699999999999,627.848,616.039,True
2019-09-10,623.25,626.7233333333334,628.4939999999999,619.5319999999999,True
2019-09-11,630.37,626.4633333333333,628.7059999999999,622.279,True
2019-09-16,638.59,630.7366666666667,629.826,626.1809999999999,True
2019-09-17,644.28,637.7466666666666,632.452,629.554,True
2019-09-18,645.12,642.6633333333333,636.322,632.085,True
2019-09-19,645.71,645.0366666666667,640.8140000000001,634.6539999999999,True
2019-09-20,649.07,646.6333333333333,644.554,636.63,True
2019-09-23,645.01,646.5966666666667,645.838,637.8320000000001,True
2019-09-24,641.85,645.3100000000001,645.3520000000001,638.9019999999999,True
2019-09-25,626.76,637.8733333333333,641.6800000000001,639.001,False
2019-09-26,628.42,632.3433333333334,638.222,639.518,False
2019-09-27,626.93,627.37,633.794,639.174,False
2019-09-30,621.76,625.7033333333333,629.144,637.491,False
2019-10-01,632.1,626.93,627.194,636.273,True
2019-10-02,624.51,626.1233333333333,626.7439999999999,634.2120000000001,False
2019-10-04,621.84,626.15,625.428,631.825,False
2019-10-07,627.21,624.52,625.484,629.6389999999999,True
2019-10-08,635.41,628.1533333333333,628.2139999999999,628.679,True
2019-10-10,634.73,632.4499999999999,628.74,627.967,True
2019-10-11,632.95,634.3633333333333,630.4280000000001,628.586,True
2019-10-14,641.46,636.3800000000001,634.3520000000001,629.89,True
2019-10-15,646.8,640.4033333333333,638.27,631.877,True
2019-10-16,651.96,646.7399999999999,641.58,634.897,True
2019-10-17,649.29,649.3499999999999,644.492,636.616,True
2019-10-18,646.69,649.3133333333334,647.24,638.8340000000001,True
2019-10-21,649.18,648.3866666666667,648.784,641.568,True
2019-10-22,655.91,650.5933333333332,650.606,644.4379999999999,True
2019-10-23,658.98,654.6899999999999,652.01,646.795,True
2019-10-24,658.75,657.88,653.902,649.197,True
2019-10-25,652.37,656.7,655.038,651.139,True
2019-10-28,652.42,654.5133333333333,655.686,652.235,True
2019-10-29,658.3,654.3633333333332,656.164,653.385,True
2019-10-30,655.04,655.2533333333332,655.376,653.693,True
2019-10-31,658.52,657.2866666666665,655.3299999999999,654.616,True
2019-11-01,662.34,658.6333333333333,657.324,656.1809999999999,True
2019-11-04,668.45,663.1033333333334,660.53,658.108,True
2019-11-05,672.18,667.6566666666666,663.306,659.735,True
2019-11-06,669.68,670.1033333333334,666.234,660.805,True
2019-11-07,666.15,669.3366666666666,667.76,661.545,True
2019-11-08,664.6,666.8100000000001,668.212,662.768,True
2019-11-11,661.37,664.04,666.7959999999999,663.663,False
2019-11-12,665.14,663.7033333333333,665.3879999999999,664.347,True
2019-11-13,661.85,662.7866666666667,663.822,665.028,False
2019-11-14,663.31,663.4333333333334,663.254,665.507,True
2019-11-15,668.51,664.5566666666667,664.036,666.124,True
2019-11-18,669.34,667.0533333333334,665.63,666.213,True
2019-11-19,662.53,666.7933333333333,665.108,665.2479999999999,False
2019-11-20,649.87,660.5799999999999,662.712,663.2669999999999,False
2019-11-21,635.99,649.4633333333333,657.2479999999999,660.251,False
2019-11-22,633.92,639.9266666666666,650.33,657.183,False
2019-11-25,647.4,639.1033333333334,645.942,655.786,True
2019-11-26,651.59,644.3033333333334,643.7540000000001,654.431,True
2019-11-27,647.39,648.7933333333334,643.258,652.9849999999999,True
2019-11-28,640.18,646.3866666666667,644.096,650.672,False
2019-11-29,632.99,640.1866666666666,643.9100000000001,647.12,False
2019-12-02,634.5,635.89,641.3299999999999,643.636,False
2019-12-03,629.58,632.3566666666667,636.928,640.341,False
2019-12-04,625.27,629.7833333333333,632.504,637.8810000000001,False
2019-12-05,617.6,624.15,627.988,636.042,False
2019-12-06,628.1,623.6566666666666,627.01,635.4599999999999,True
2019-12-09,627.86,624.52,625.682,633.506,True
2019-12-10,627.11,627.69,625.188,631.058,True
2019-12-11,629.13,628.0333333333334,625.96,629.2320000000001,True
2019-12-12,636.94,631.0600000000001,629.8280000000001,628.908,True
2019-12-13,643.45,636.5066666666668,632.898,629.9540000000001,True
2019-12-16,644.44,641.61,636.214,630.9480000000001,True
2019-12-17,650.58,646.1566666666668,640.908,633.048,True
2019-12-18,648.95,647.9900000000001,644.8720000000001,635.4159999999999,True
2019-12-19,647.85,649.1266666666667,647.054,638.441,True
2019-12-20,649.73,648.8433333333334,648.3100000000001,640.604,True
2019-12-23,647.62,648.4,648.946,642.58,True
2019-12-24,638.91,645.42,646.6120000000001,643.76,False
2019-12-26,652.07,646.1999999999999,647.236,646.054,True
2019-12-27,661.24,650.7400000000001,649.914,648.484,True
2019-12-30,669.83,661.0466666666667,653.934,651.122,True
2020-01-02,674.02,668.3633333333333,659.214,654.08,True
2020-01-03,669.93,671.2599999999999,665.4179999999999,656.0150000000001,True
2020-01-06,655.31,666.42,666.066,656.6510000000001,False
2020-01-07,663.44,662.8933333333333,666.506,658.21,True
2020-01-08,640.94,653.23,660.728,657.331,False
2020-01-09,666.09,656.8233333333334,659.142,659.178,True
2020-01-10,673.03,660.0200000000001,659.7620000000001,662.5899999999999,True
2020-01-13,679.22,672.78,664.5440000000001,665.3050000000001,True
2020-01-14,678.71,676.9866666666667,667.5980000000001,667.052,True
2020-01-15,679.16,679.0300000000001,675.242,667.985,True
2020-01-16,686.52,681.4633333333333,679.328,669.235,True
2020-01-17,688.41,684.6966666666667,682.4039999999999,671.083,True
2020-01-20,683.47,686.1333333333333,683.254,673.899,True
2020-01-21,676.52,682.8000000000001,682.816,675.207,True
2020-01-22,688.25,682.7466666666666,684.634,679.938,True
2020-01-23,685.57,683.4466666666667,684.4440000000001,681.886,True
2020-01-28,664.7,679.5066666666667,679.702,681.0530000000001,False
2020-01-29,670.18,673.4833333333333,677.0440000000001,680.149,False
2020-01-30,656.39,663.7566666666667,673.018,677.917,False
2020-01-31,642.48,656.3499999999999,663.864,674.249,False
2020-02-03,646.85,648.5733333333334,656.12,670.2819999999999,False
2020-02-04,661.24,650.1899999999999,655.4280000000001,667.5649999999999,True
2020-02-05,661.32,656.4700000000001,653.656,665.3500000000001,True
2020-02-06,672.69,665.0833333333334,656.9159999999999,664.967,True
2020-02-07,672.63,668.88,662.946,663.405,True
2020-02-10,676.07,673.7966666666667,668.7900000000001,662.455,True
2020-02-11,682.34,677.0133333333334,673.01,664.2189999999999,True
2020-02-12,686.59,681.6666666666666,678.0640000000001,665.86,True
2020-02-13,687.61,685.5133333333333,681.048,668.982,True
2020-02-14,688.91,687.7033333333334,684.304,673.6250000000001,True
2020-02-17,692.59,689.7033333333333,687.608,678.199,True
2020-02-18,682.92,688.14,687.7239999999999,680.367,True
2020-02-19,684.78,686.7633333333333,687.362,682.713,True
2020-02-20,681.66,683.1199999999999,686.1719999999999,683.61,False
2020-02-21,667.99,678.1433333333333,681.988,683.146,False
2020-02-24,639.29,662.98,671.328,679.4680000000001,False
2020-02-25,656.95,654.7433333333333,666.134,676.929,True
2020-02-26,654.63,650.29,660.104,673.733,True
2020-02-27,638.17,649.9166666666666,651.406,668.789,False
2020-02-28,610.73,634.51,639.954,660.9709999999999,False
2020-03-02,627.66,625.52,637.6279999999999,654.478,True
2020-03-03,626.82,621.7366666666667,631.602,648.868,True
2020-03-04,641.73,632.07,629.022,644.5629999999999,True
2020-03-05,650.19,639.58,631.426,641.4159999999999,True
2020-03-06,642.72,644.88,637.824,638.889,True
2020-03-09,614.6,635.8366666666667,635.2120000000001,636.42,False
2020-03-10,619.97,625.7633333333333,633.842,632.722,False
2020-03-11,595.61,610.0600000000001,624.618,626.82,False
2020-03-12,563.49,593.0233333333333,607.278,619.3520000000001,False
2020-03-13,524.0,561.0333333333333,583.534,610.6790000000001,False
2020-03-16,504.51,530.6666666666666,561.516,598.3639999999999,False
2020-03-17,514.73,514.4133333333333,540.4680000000001,587.155,True
2020-03-18,485.14,501.46000000000004,518.374,571.496,False
2020-03-19,428.35,476.0733333333333,491.346,549.312,False
2020-03-20,467.75,460.41333333333336,480.096,531.8149999999999,True
2020-03-23,443.76,446.62000000000006,467.946,514.731,False
2020-03-24,480.4,463.96999999999997,461.08000000000004,500.774,True
2020-03-25,505.68,476.6133333333333,465.188,491.78099999999995,True
2020-03-26,516.61,500.8966666666667,482.84,487.093,True
2020-03-27,522.83,515.0400000000001,493.85600000000005,486.976,True
2020-03-30,542.11,527.1833333333334,513.5260000000001,490.736,True
2020-03-31,569.07,544.6700000000001,531.26,496.16999999999996,True
2020-04-01,551.84,554.3400000000001,540.492,502.84,True
2020-04-02,567.7,562.87,550.71,516.775,True
2020-04-03,573.01,564.1833333333334,560.7460000000001,527.301,True
2020-04-06,597.21,579.3066666666667,571.766,542.646,True
2020-04-07,606.9,592.3733333333333,579.332,555.296,True
2020-04-08,607.37,603.8266666666667,590.4379999999999,565.465,True
2020-04-09,615.95,610.0733333333334,600.088,575.3990000000001,True
2020-04-10,611.26,611.5266666666666,607.738,584.242,True
2020-04-13,596.71,607.9733333333334,607.6380000000001,589.702,True
2020-04-14,610.29,606.0866666666667,608.316,593.8240000000001,True
2020-04-16,623.43,610.1433333333333,611.528,600.983,True
2020-04-17,634.79,622.8366666666667,615.296,607.6919999999999,True
2020-04-20,637.82,632.0133333333333,620.608,614.173,True
2020-04-21,628.77,633.7933333333334,627.0200000000001,617.329,True
2020-04-22,635.16,633.9166666666667,631.994,620.155,True
2020-04-23,643.79,635.9066666666666,636.066,623.7969999999999,True
2020-04-24,632.96,637.3033333333334,635.7,625.4979999999999,True
2020-04-27,646.86,641.2033333333334,637.508,629.058,True
2020-04-28,644.93,641.5833333333334,640.74,633.8799999999999,True
2020-04-29,645.18,645.6566666666666,642.7439999999999,637.3689999999999,True
2020-05-04,641.91,644.0066666666667,642.3679999999999,639.217,True
2020-05-06,658.4,648.4966666666668,647.4559999999999,641.5780000000001,True
2020-05-07,668.17,656.16,651.7180000000001,644.6129999999999,True
2020-05-08,682.3,669.6233333333333,659.1919999999999,649.966,True
2020-05-11,685.04,678.5033333333333,667.164,654.954,True
2020-05-12,684.21,683.85,675.624,658.996,True
2020-05-13,691.53,686.9266666666666,682.25,664.853,True
2020-05-14,690.57,688.77,686.7299999999999,669.2239999999999,True
2020-05-15,691.93,691.3433333333332,688.6560000000001,673.924,True
2020-05-18,690.85,691.1166666666668,689.818,678.491,True
2020-05-19,696.36,693.0466666666667,692.248,683.9359999999999,True
2020-05-20,708.76,698.6566666666668,695.694,688.972,True
2020-05-21,716.02,707.0466666666667,700.7839999999999,693.7570000000001,True
2020-05-22,708.58,711.12,704.1139999999999,696.385,True
2020-05-25,719.89,714.83,709.922,699.87,True
2020-05-26,729.11,719.1933333333335,716.472,704.36,True
2020-05-27,724.59,724.5300000000001,719.638,707.666,True
2020-05-28,708.75,720.8166666666667,718.184,709.484,False
2020-05-29,713.68,715.6733333333333,719.2040000000001,711.659,True
2020-06-01,735.72,719.3833333333333,722.37,716.146,True
2020-06-02,743.58,730.9933333333333,725.2639999999999,720.868,True
2020-06-03,737.66,738.9866666666667,727.878,723.758,True
2020-06-04,742.37,741.2033333333334,734.6020000000001,726.3929999999999,True
2020-06-05,749.31,743.1133333333333,741.728,730.466,True
2020-06-08,753.04,748.2400000000001,745.192,733.7810000000001,True
2020-06-09,753.82,752.0566666666667,747.24,736.252,True
2020-06-10,758.62,755.1600000000002,751.432,739.655,True
2020-06-11,757.06,756.5,754.37,744.486,True
2020-06-12,746.06,753.9133333333333,753.72,747.7239999999999,False
2020-06-15,693.15,732.09,741.742,743.467,False
2020-06-16,735.38,724.8633333333333,738.054,742.647,True
2020-06-17,735.4,721.3100000000001,733.41,742.421,True
2020-06-18,737.33,736.0366666666667,729.4639999999999,741.917,True
2020-06-19,742.03,738.2533333333334,728.658,741.189,True
2020-06-22,751.64,743.6666666666666,740.356,741.049,True
2020-06-23,753.23,748.9666666666667,743.926,740.99,True
2020-06-24,759.5,754.79,748.746,741.0780000000001,True
2020-06-25,750.36,754.3633333333333,751.3520000000001,740.408,True
2020-06-26,750.58,753.48,753.062,740.86,True
2020-06-29,734.69,745.21,749.672,745.0139999999999,False
2020-06-30,737.97,741.08,746.6200000000001,745.2729999999999,False
2020-07-01,727.58,733.4133333333334,740.2360000000001,744.491,False
2020-07-02,742.55,736.0333333333334,738.674,745.013,True
2020-07-03,752.18,740.77,738.994,746.028,True
2020-07-06,759.9,751.5433333333334,744.036,746.854,True
2020-07-07,759.16,757.0799999999999,748.274,747.4469999999999,True
2020-07-08,765.96,761.6733333333333,755.95,748.093,True
2020-07-09,772.9,766.0066666666667,762.02,750.347,True
2020-07-10,772.81,770.5566666666667,766.146,752.5699999999999,True
2020-07-13,781.19,775.6333333333333,770.404,757.22,True
2020-07-14,778.39,777.4633333333333,774.25,761.262,True
2020-07-15,781.29,780.29,777.316,766.633,True
2020-07-16,775.07,778.25,777.75,769.885,True
2020-07-17,783.22,779.86,779.8320000000001,772.9889999999999,True
2020-07-20,781.96,780.0833333333334,779.9860000000001,775.1949999999999,True
2020-07-21,790.58,785.2533333333334,782.424,778.3370000000001,True
2020-07-22,794.99,789.1766666666667,785.164,781.24,True
2020-07-23,801.69,795.7533333333334,790.488,784.1189999999999,True
2020-07-24,794.8,797.16,792.804,786.318,True
2020-07-27,801.23,799.2400000000001,796.658,788.3219999999999,True
2020-07-28,807.85,801.2933333333334,800.112,791.268,True
2020-07-29,808.59,805.89,802.832,793.998,True
2020-07-30,814.19,810.21,805.3320000000001,797.9100000000001,True
2020-07-31,815.3,812.6933333333335,809.432,801.118,True
2020-08-03,827.57,819.0200000000001,814.7,805.6790000000001,True
2020-08-04,835.35,826.0733333333334,820.2,810.1560000000001,True
2020-08-05,847.28,836.7333333333335,827.9380000000001,815.385,True
2020-08-06,854.12,845.5833333333334,835.924,820.628,True
2020-08-07,857.63,853.0100000000001,844.39,826.9110000000001,True
2020-08-10,862.76,858.1700000000001,851.4280000000001,833.0640000000001,True
2020-08-11,860.23,860.2066666666668,856.4039999999999,838.302,True
2020-08-12,845.6,856.1966666666667,856.068,842.003,True
2020-08-13,854.77,853.5333333333334,856.198,846.0609999999999,True
2020-08-14,835.03,845.1333333333333,851.6780000000001,848.034,False
2020-08-18,800.22,830.0066666666668,839.1699999999998,845.299,False
2020-08-19,818.74,817.9966666666668,830.8720000000001,843.6380000000001,True
2020-08-20,791.14,803.3666666666667,819.9799999999999,838.024,False
2020-08-21,796.01,801.9633333333335,808.228,832.213,False
2020-08-24,815.74,800.9633333333333,804.3700000000001,828.024,True
2020-08-25,836.31,816.02,811.588,825.3790000000001,True
2020-08-26,841.35,831.1333333333333,816.11,823.491,True
2020-08-27,836.4,838.02,825.1619999999999,822.5710000000001,True
2020-08-28,841.3,839.6833333333334,834.22,821.2239999999999,True
2020-08-31,848.24,841.98,840.72,822.5450000000001,True
2020-09-01,853.37,847.6366666666667,844.132,827.86,True
2020-09-02,866.74,856.1166666666668,849.21,832.6600000000001,True
2020-09-03,874.13,864.7466666666668,856.7560000000001,840.9590000000001,True
2020-09-04,866.04,868.9700000000001,861.7040000000001,847.9619999999999,True
2020-09-07,878.88,873.0166666666668,867.832,854.2760000000001,True
2020-09-08,878.29,874.4033333333333,872.816,858.4739999999999,True
2020-09-09,869.47,875.5466666666667,873.3620000000001,861.2860000000001,True
2020-09-10,884.3,877.3533333333334,875.396,866.076,True
2020-09-11,888.44,880.7366666666667,879.876,870.79,True
2020-09-14,894.17,888.9700000000001,882.934,875.383,True
2020-09-15,899.46,894.0233333333334,887.168,879.992,True
2020-09-16,896.28,896.6366666666667,892.53,882.9459999999999,True
2020-09-17,885.18,893.64,892.7059999999999,884.051,True
2020-09-18,888.88,890.1133333333333,892.7939999999999,886.3349999999998,True
2020-09-21,866.99,880.35,887.358,885.1460000000001,False
2020-09-22,842.72,866.1966666666667,876.0099999999999,881.5889999999999,False
2020-09-23,843.45,851.0533333333334,865.4440000000001,878.9870000000001,False
2020-09-24,806.95,831.0400000000001,849.798,871.2520000000001,False
2020-09-25,808.28,819.5600000000001,833.6780000000001,863.2360000000001,False
2020-09-28,835.91,817.0466666666667,827.4620000000001,857.4100000000001,True
2020-09-29,848.15,830.7800000000001,828.548,852.2790000000001,True
2020-10-05,858.39,847.4833333333332,831.5360000000001,848.49,True
2020-10-06,862.58,856.3733333333334,842.6619999999999,846.2299999999999,True
2020-10-07,869.66,863.5433333333334,854.9380000000001,844.308,True
2020-10-08,871.62,867.9533333333334,862.0799999999999,844.7710000000001,True
2020-10-12,873.5,871.5933333333334,867.15,847.8489999999999,True
2020-10-13,871.92,872.3466666666667,869.856,850.6960000000001,True
2020-10-14,861.48,868.9666666666667,869.6360000000001,856.149,True
2020-10-15,844.44,859.2800000000001,864.592,859.765,False
2020-10-16,833.84,846.5866666666667,857.0360000000001,859.558,False
2020-10-19,822.25,833.5100000000001,846.7860000000001,856.9680000000001,False
2020-10-20,824.65,826.9133333333333,837.332,853.594,False
2020-10-21,830.67,825.8566666666667,831.1700000000001,850.403,True
2020-10-22,812.7,822.6733333333333,824.8220000000001,844.707,False
2020-10-23,807.98,817.1166666666667,819.65,838.3430000000001,False
2020-10-26,778.02,799.5666666666667,810.804,828.7950000000001,False
2020-10-27,783.73,789.91,802.62,819.976,False
2020-10-28,806.2,789.3166666666667,797.726,814.448,True
2020-10-29,813.93,801.2866666666667,797.972,811.397,True
2020-10-30,792.65,804.2600000000001,794.906,807.278,False
2020-11-02,802.95,803.1766666666667,799.892,805.348,True
2020-11-03,818.46,804.6866666666668,806.838,804.729,True
2020-11-04,826.97,816.1266666666667,810.992,804.359,True
2020-11-05,844.8,830.0766666666667,817.1659999999999,807.569,True
2020-11-06,836.78,836.1833333333334,825.992,810.449,True
2020-11-09,851.21,844.2633333333333,835.644,817.7679999999999,True
2020-11-10,840.79,842.9266666666667,840.11,823.4739999999999,True
2020-11-11,839.9,843.9666666666667,842.6959999999999,826.844,True
2020-11-12,840.08,840.2566666666667,841.7520000000001,829.4590000000001,True
2020-11-13,839.14,839.7066666666666,842.2239999999999,834.108,True
2020-11-16,847.33,842.1833333333334,841.448,838.5459999999999,True
2020-11-17,839.47,841.98,841.184,840.6470000000002,False
2020-11-18,851.74,846.1800000000002,843.552,843.124,True
2020-11-19,859.94,850.3833333333333,847.5240000000001,844.6380000000001,True
2020-11-20,870.18,860.62,853.732,847.9780000000001,True
2020-11-23,873.29,867.8033333333333,858.924,850.186,True
2020-11-24,872.1,871.8566666666667,865.45,853.317,True
2020-11-25,865.12,870.1700000000001,868.126,855.8389999999999,True
2020-11-26,874.53,870.5833333333334,871.0440000000001,859.284,True
2020-11-27,885.56,875.07,874.1200000000001,863.926,True
2020-11-30,886.11,882.0666666666667,876.684,867.8040000000001,True
2020-12-01,891.29,887.6533333333333,880.5219999999999,872.9860000000001,True
2020-12-02,899.34,892.2466666666666,887.366,877.7460000000001,True
2020-12-03,907.61,899.4133333333334,893.982,882.5129999999999,True
2020-12-04,913.76,906.9033333333333,899.6220000000001,886.8709999999999,True
2020-12-07,926.88,916.0833333333334,907.7760000000001,892.2299999999999,True
2020-12-08,906.84,915.8266666666667,910.8860000000001,895.7040000000001,True
2020-12-09,913.81,915.8433333333334,913.78,900.573,True
2020-12-10,921.7,914.1166666666667,916.598,905.29,True
2020-12-11,928.44,921.3166666666667,919.534,909.5780000000001,True
2020-12-14,929.54,926.5600000000001,920.066,913.9209999999999,True
2020-12-15,931.27,929.75,924.952,917.9190000000001,True
2020-12-16,939.65,933.4866666666667,930.1200000000001,921.95,True
2020-12-17,944.04,938.32,934.588,925.5930000000001,True
2020-12-18,947.24,943.6433333333334,938.348,928.941,True
2020-12-21,953.58,948.2866666666667,943.156,931.6110000000001,True
2020-12-22,928.73,943.1833333333334,942.6479999999999,933.8,False
2020-12-23,923.17,935.1600000000002,939.3520000000001,934.7360000000001,False
2020-12-24,928.68,926.86,936.28,935.434,True
2020-12-28,927.0,926.2833333333333,932.232,935.29,True
2020-12-29,957.41,937.6966666666667,932.9979999999999,938.077,True
2020-12-30,968.42,950.9433333333333,940.9359999999999,941.792,True
2021-01-04,977.62,967.8166666666666,951.826,945.5889999999999,True
2021-01-05,985.76,977.2666666666668,963.242,949.7609999999999,True
2021-01-06,981.39,981.59,974.1199999999999,953.176,True
2021-01-07,988.86,985.3366666666667,980.4100000000001,956.704,True
2021-01-08,987.79,986.0133333333333,984.284,962.61,True
2021-01-11,976.63,984.4266666666667,984.086,967.9559999999999,True
2021-01-12,973.72,979.38,981.6780000000001,972.46,True
2021-01-13,979.13,976.4933333333333,981.226,977.673,True
2021-01-14,980.29,977.7133333333335,979.5120000000001,979.961,True
2021-01-15,964.44,974.62,974.842,979.5629999999999,False
2021-01-18,944.67,963.1333333333333,968.45,976.268,False
2021-01-19,957.75,955.62,965.256,973.467,True
2021-01-20,977.66,960.0266666666666,964.9620000000001,973.0939999999998,True
2021-01-21,981.4,972.27,965.184,972.348,True
2021-01-22,979.98,979.68,968.292,971.567,True
2021-01-25,999.3,986.8933333333334,979.2180000000001,973.8340000000001,True
2021-01-26,994.0,991.0933333333334,986.4680000000001,975.8619999999999,True
2021-01-27,985.92,993.0733333333334,988.1200000000001,976.5409999999999,True
2021-01-28,961.23,980.3833333333333,984.086,974.6349999999999,False
2021-01-29,928.73,958.6266666666667,973.836,971.0640000000001,False
2021-02-01,956.92,948.96,965.3599999999999,972.289,True
2021-02-02,963.81,949.82,959.3219999999999,972.8950000000001,True
2021-02-03,970.69,963.8066666666667,956.2760000000001,972.198,True
2021-02-04,964.58,966.36,956.9460000000001,970.516,True
2021-02-05,967.42,967.5633333333334,964.684,969.2599999999999,True
2021-02-08,960.78,964.2600000000001,965.4559999999999,965.408,False
2021-02-09,957.85,962.0166666666668,964.2639999999999,961.793,False
2021-02-10,964.31,960.98,962.9879999999999,959.632,True
2021-02-15,981.97,968.0433333333334,966.466,961.7060000000001,True
2021-02-16,977.74,974.6733333333335,968.53,966.607,True
2021-02-17,979.77,979.8266666666668,972.3280000000001,968.892,True
2021-02-18,967.42,974.9766666666666,974.242,969.2529999999999,False
2021-02-19,965.11,970.7666666666668,974.402,968.695,False
2021-02-22,954.29,962.2733333333334,968.866,967.6659999999999,False
2021-02-23,936.6,952.0,960.6379999999999,964.5840000000001,False
2021-02-24,906.31,932.4,945.9459999999999,959.1370000000001,False
2021-02-25,936.21,926.3733333333333,939.704,956.973,True
2021-02-26,913.94,918.82,929.47,951.936,False
2021-03-02,923.17,924.44,923.2460000000001,946.0559999999999,False
2021-03-03,930.8,922.6366666666667,922.0859999999999,941.3619999999999,True
2021-03-04,926.2,926.7233333333334,926.0640000000001,936.0050000000001,True
2021-03-05,923.48,926.8266666666667,923.518,931.6110000000001,False
2021-03-08,904.77,918.1500000000001,921.684,925.577,False
2021-03-09,896.36,908.2033333333334,916.3220000000001,919.784,False
2021-03-10,890.07,897.0666666666666,908.176,915.1310000000001,False
2021-03-11,908.01,898.1466666666666,904.5380000000001,915.301,True
2021-03-12,925.49,907.8566666666667,904.9399999999999,914.229,True
2021-03-15,926.9,920.1333333333333,909.366,915.525,True
2021-03-16,940.65,931.0133333333333,918.2239999999999,917.2729999999999,True
2021-03-17,943.78,937.11,928.966,918.5710000000001,True
2021-03-18,949.83,944.7533333333334,937.3299999999999,920.934,True
2021-03-19,952.11,948.5733333333334,942.6539999999999,923.7969999999999,True
2021-03-22,955.38,952.44,948.35,928.858,True
2021-03-23,946.31,951.2666666666668,949.482,933.8530000000001,True
2021-03-24,953.82,951.8366666666667,951.49,940.2279999999998,True
2021-03-25,954.99,951.7066666666666,952.5219999999999,944.9259999999998,True
2021-03-26,956.7,955.1700000000001,953.4399999999999,948.0469999999999,True
2021-03-29,954.1,955.2633333333333,953.184,950.767,True
2021-03-30,958.06,956.2866666666667,955.534,952.508,True
2021-03-31,956.17,956.11,956.0040000000001,953.747,True
2021-04-01,965.78,960.0033333333334,958.1619999999999,955.342,True
2021-04-02,970.09,964.0133333333333,960.8399999999999,957.1400000000001,True
2021-04-05,969.77,968.5466666666666,963.9739999999999,958.579,True
2021-04-06,968.63,969.4966666666668,966.0880000000001,960.811,True
2021-04-07,973.22,970.54,969.4979999999999,962.751,True
2021-04-08,982.02,974.6233333333333,972.7459999999999,965.4540000000001,True
2021-04-09,989.39,981.5433333333334,976.606,968.723,True
2021-04-12,1000.65,990.6866666666668,982.7819999999999,973.3779999999999,True
2021-04-13,1010.37,1000.1366666666668,991.1299999999999,978.609,True
2021-04-14,1014.42,1008.48,999.3699999999999,984.434,True
2021-04-15,1013.9,1012.8966666666666,1005.7459999999999,989.2459999999999,True
2021-04-16,1021.62,1016.6466666666666,1012.192,994.399,True
2021-04-19,1029.46,1021.66,1017.9540000000001,1000.368,True
2021-04-20,1031.88,1027.6533333333334,1022.2560000000001,1006.693,True
2021-04-21,1022.22,1027.8533333333335,1023.816,1011.5930000000001,True
2021-04-22,1025.71,1026.6033333333335,1026.178,1015.9620000000001,True
2021-04-23,1026.82,1024.9166666666667,1027.218,1019.7050000000002,True
2021-04-26,1030.06,1027.53,1027.338,1022.6460000000001,True
2021-04-27,1021.01,1025.9633333333334,1025.164,1023.71,False
2021-04-28,998.27,1016.4466666666667,1020.374,1022.095,False
2021-04-29,990.69,1003.3233333333334,1013.3700000000001,1019.774,False
2021-04-30,983.45,990.8033333333333,1004.6959999999999,1015.957,False
2021-05-03,961.81,978.65,991.0459999999999,1009.192,False
2021-05-04,967.2,970.82,980.284,1002.7239999999999,False
2021-05-06,969.99,966.3333333333334,974.628,997.501,True
2021-05-07,978.3,971.8299999999999,972.15,992.7599999999999,True
2021-05-10,992.8,980.3633333333333,974.0200000000001,989.358,True
2021-05-11,978.61,983.2366666666667,977.3799999999999,984.213,True
2021-05-12,967.1,979.5033333333334,977.36,978.8219999999999,False
2021-05-13,951.77,965.8266666666667,973.716,974.1719999999999,False
2021-05-14,966.72,961.8633333333333,971.4,971.775,True
2021-05-17,962.5,960.3299999999999,965.3399999999999,969.68,True
2021-05-18,969.1,966.1066666666667,963.4379999999999,970.409,True
2021-05-20,971.13,967.5766666666667,964.244,970.802,True
2021-05-21,965.63,968.62,967.016,970.366,False
2021-05-24,948.37,961.71,963.3459999999999,967.3730000000002,False
2021-05-25,962.07,958.69,963.26,964.3,True
2021-05-26,966.06,958.8333333333334,962.652,963.0450000000001,True
2021-05-27,974.08,967.4033333333333,963.242,963.743,True
2021-05-28,977.46,972.5333333333333,965.608,966.3120000000001,True
2021-05-31,981.78,977.7733333333332,972.2900000000002,967.818,True
2021-06-01,984.59,981.2766666666666,976.7940000000001,970.027,True
2021-06-02,981.1,982.4900000000001,979.802,971.2270000000001,True
2021-06-03,990.19,985.2933333333334,983.0240000000001,973.133,True
2021-06-04,987.58,986.29,985.0480000000001,975.3280000000001,True
2021-06-07,985.86,987.8766666666667,985.8639999999999,979.077,True
2021-06-08,986.12,986.52,986.1700000000001,981.482,True
2021-06-09,978.79,983.59,985.708,982.7550000000001,False
2021-06-10,987.77,984.2266666666666,985.2239999999999,984.124,True
2021-06-11,991.13,985.8966666666666,985.934,985.491,True
2021-06-14,997.41,992.1033333333334,988.244,987.0540000000001,True
2021-06-15,997.37,995.3033333333333,990.494,988.332,True
2021-06-16,998.49,997.7566666666667,994.434,990.0709999999999,True
2021-06-17,1003.72,999.86,997.624,991.424,True
2021-06-18,1015.88,1006.0300000000001,1002.574,994.2539999999999,True
2021-06-21,1010.99,1010.1966666666667,1005.29,996.767,True
2021-06-22,1011.56,1012.81,1008.128,999.311,True
2021-06-23,1016.46,1013.0033333333332,1011.722,1003.0779999999999,True
2021-06-24,1012.62,1013.5466666666667,1013.5020000000001,1005.5630000000001,True
2021-06-25,1012.13,1013.7366666666667,1012.7520000000001,1007.6629999999999,True
2021-06-28,1017.91,1014.2199999999999,1014.1360000000001,1009.713,True
2021-06-29,1022.52,1017.52,1016.3279999999999,1012.2280000000001,True
2021-06-30,1029.96,1023.4633333333333,1019.0279999999999,1015.375,True
2021-07-01,1035.64,1029.3733333333332,1023.632,1018.567,True
2021-07-02,1038.18,1034.5933333333335,1028.842,1020.7970000000001,True
2021-07-05,1047.33,1040.3833333333334,1034.726,1024.431,True
2021-07-06,1044.96,1043.49,1039.2140000000002,1027.771,True
2021-07-07,1047.36,1046.55,1042.694,1030.861,True
2021-07-08,1034.48,1042.2666666666667,1042.462,1033.047,True
2021-07-09,1028.93,1036.9233333333334,1040.6119999999999,1034.727,False
2021-07-12,1034.64,1032.6833333333334,1038.074,1036.4,True
2021-07-13,1043.31,1035.6266666666668,1037.7440000000001,1038.479,True
2021-07-14,1044.98,1040.9766666666667,1037.268,1039.9810000000002,True
2021-07-15,1054.31,1047.533333333333,1041.234,1041.848,True
2021-07-16,1051.98,1050.4233333333334,1045.8439999999998,1043.2279999999998,True
2021-07-19,1049.83,1052.04,1048.882,1043.4779999999998,True
2021-07-20,1043.64,1048.4833333333333,1048.9479999999999,1043.346,True
2021-07-21,1042.03,1045.1666666666667,1048.358,1042.8129999999999,False
2021-07-22,1050.25,1045.3066666666666,1047.5459999999998,1044.3899999999999,True
2021-07-23,1055.5,1049.26,1048.25,1047.047,True
2021-07-26,1047.63,1051.1266666666668,1047.81,1048.346,False
2021-07-27,1046.55,1049.8933333333334,1048.392,1048.6699999999998,False
2021-07-28,1035.68,1043.2866666666669,1047.122,1047.74,False
2021-07-29,1044.13,1042.1200000000001,1045.8980000000001,1046.7220000000002,True
2021-07-30,1031.14,1036.9833333333333,1041.0260000000003,1044.6380000000001,False
2021-08-02,1037.8,1037.6900000000003,1039.06,1043.435,True
2021-08-03,1036.11,1035.0166666666667,1036.9720000000002,1042.682,True
2021-08-04,1047.93,1040.6133333333335,1039.422,1043.2720000000002,True
2021-08-05,1059.54,1047.86,1042.504,1044.201,True
2021-08-06,1059.8,1055.7566666666667,1048.2359999999999,1044.631,True
2021-08-09,1060.0,1059.78,1052.676,1045.868,True
2021-08-10,1052.07,1057.29,1055.868,1046.42,True
2021-08-11,1051.92,1054.6633333333332,1056.666,1048.044,True
2021-08-12,1054.09,1052.6933333333334,1055.576,1049.04,True
2021-08-13,1040.78,1048.93,1051.772,1050.004,False
2021-08-17,1011.05,1035.3066666666666,1041.982,1047.3290000000002,False
2021-08-18,1021.08,1024.3033333333333,1035.784,1045.826,False
2021-08-19,991.15,1007.7599999999999,1023.6299999999999,1040.148,False
2021-08-20,967.9,993.3766666666667,1006.392,1030.984,False
2021-08-23,993.18,984.0766666666667,996.8720000000001,1024.322,True
2021-08-24,1013.18,991.42,997.298,1019.64,True
2021-08-25,1017.78,1008.0466666666666,996.6379999999999,1016.2109999999999,True
2021-08-26,1020.44,1017.1333333333333,1002.4959999999999,1013.0629999999999,True
2021-08-27,1023.51,1020.5766666666667,1013.618,1010.0049999999999,True
2021-08-30,1031.84,1025.2633333333333,1021.35,1009.1110000000001,True
2021-08-31,1038.33,1031.2266666666667,1026.3799999999999,1011.8389999999999,True
2021-09-01,1045.98,1038.7166666666667,1032.02,1014.329,True
2021-09-02,1047.19,1043.8333333333333,1037.3700000000001,1019.933,True
2021-09-03,1053.85,1049.0066666666667,1043.4379999999999,1028.528,True
2021-09-06,1052.96,1051.3333333333333,1047.662,1034.5059999999999,True
2021-09-07,1054.43,1053.7466666666667,1050.882,1038.6309999999999,True
2021-09-08,1037.22,1048.2033333333334,1049.1299999999999,1040.575,False
2021-09-09,1034.62,1042.09,1046.616,1041.993,False
2021-09-10,1037.91,1036.5833333333333,1043.428,1043.433,True
2021-09-13,1026.34,1032.9566666666667,1038.104,1042.883,False
2021-09-14,1037.74,1033.9966666666667,1034.766,1042.824,True
2021-09-15,1042.79,1035.6233333333332,1035.88,1042.505,True
2021-09-16,1039.43,1039.9866666666667,1036.842,1041.729,True
2021-09-17,1046.12,1042.78,1038.484,1040.956,True
2021-09-23,1036.26,1040.6033333333335,1040.4679999999998,1039.286,False
2021-09-24,1037.03,1039.8033333333333,1040.3259999999998,1037.5459999999998,False
2021-09-27,1034.82,1036.0366666666666,1038.732,1037.306,False
2021-09-28,1012.51,1028.12,1033.348,1035.095,False
2021-09-29,1001.46,1016.2633333333333,1024.416,1031.45,False
2021-09-30,1003.27,1005.7466666666666,1017.818,1029.143,False
2021-10-01,983.2,995.9766666666668,1007.052,1023.689,False
2021-10-05,955.37,980.6133333333333,991.162,1014.9469999999999,False
2021-10-06,922.36,953.6433333333334,973.132,1003.2400000000001,False
2021-10-07,953.43,943.7199999999999,963.5260000000001,993.9709999999999,True
2021-10-08,953.11,942.9666666666667,953.494,985.656,True
2021-10-12,940.15,948.8966666666666,944.884,975.9679999999998,False
2021-10-13,953.47,948.91,944.5039999999999,967.833,True
2021-10-14,983.43,959.0166666666668,956.7180000000001,964.925,True
2021-10-15,990.54,975.8133333333332,964.14,963.833,True
2021-10-18,993.86,989.2766666666666,972.29,962.892,True
2021-10-19,1005.35,996.5833333333334,985.3299999999999,965.107,True
2021-10-20,1001.62,1000.2766666666666,994.96,969.732,True
2021-10-21,993.7,1000.2233333333334,997.0139999999999,976.866,True
2021-10-22,995.07,996.7966666666667,997.9200000000001,981.0300000000001,True
2021-10-25,994.31,994.36,998.01,985.15,True
2021-10-26,1011.76,1000.38,999.292,992.311,True
2021-10-27,1008.95,1005.0066666666667,1000.758,997.859,True
2021-10-28,1000.13,1006.9466666666667,1002.0440000000001,999.5289999999999,True
2021-10-29,992.33,1000.4699999999999,1001.4960000000001,999.708,False
2021-11-01,998.57,997.0100000000001,1002.348,1000.1789999999999,True
2021-11-02,1009.44,1000.1133333333333,1001.884,1000.588,True
2021-11-03,1005.0,1004.3366666666667,1001.094,1000.926,True
2021-11-04,1001.43,1005.29,1001.354,1001.699,True
2021-11-05,1001.35,1002.5933333333332,1003.158,1002.327,False
2021-11-08,1002.5,1001.7599999999999,1003.9440000000001,1003.1460000000001,True
2021-11-09,1008.68,1004.1766666666666,1003.792,1002.8380000000001,True
2021-11-10,987.75,999.6433333333334,1000.342,1000.7180000000001,False
2021-11-11,992.65,996.36,998.5859999999999,999.97,False
2021-11-12,1009.07,996.4900000000001,1000.1299999999999,1001.644,True
2021-11-15,1029.03,1010.25,1005.436,1004.6900000000002,True
2021-11-16,1035.46,1024.52,1010.792,1007.292,True
2021-11-17,1031.26,1031.9166666666667,1019.494,1009.918,True
2021-11-18,1032.77,1033.1633333333332,1027.518,1013.052,True
2021-11-19,1041.92,1035.3166666666666,1034.088,1017.109,True
2021-11-22,1032.31,1035.6666666666667,1034.7440000000001,1020.0899999999999,True
2021-11-23,1013.72,1029.3166666666668,1030.396,1020.594,False
2021-11-24,1020.13,1022.0533333333333,1028.1699999999998,1023.832,False
2021-11-25,1015.66,1016.5033333333334,1024.748,1026.133,False
2021-11-26,1005.89,1013.8933333333333,1017.542,1025.815,False
2021-11-29,992.34,1004.63,1009.548,1022.146,False
2021-11-30,965.63,987.9533333333334,999.93,1015.1629999999999,False
2021-12-01,977.15,978.3733333333333,991.3340000000001,1009.7520000000001,False
2021-12-02,977.43,973.4033333333333,983.6879999999999,1004.2179999999998,True
2021-12-03,998.47,984.3499999999999,982.2040000000001,999.8729999999999,True
2021-12-06,991.87,989.2566666666667,982.11,995.829,True
2021-12-07,996.64,995.66,988.3119999999999,994.1210000000001,True
2021-12-08,1006.04,998.1833333333333,994.0899999999999,992.7119999999999,True
2021-12-09,1022.87,1008.5166666666668,1003.1779999999999,993.433,True
2021-12-10,1011.57,1013.4933333333333,1005.798,994.001,True
2021-12-13,1005.96,1013.4666666666667,1008.616,995.3629999999999,True
2021-12-14,1002.81,1006.7800000000001,1009.85,999.0810000000001,True
2021-12-15,1003.52,1004.0966666666667,1009.3459999999999,1001.7179999999998,True
2021-12-16,1007.86,1004.7299999999999,1006.344,1004.7610000000001,True
2021-12-17,1001.26,1004.2133333333333,1004.2819999999999,1005.04,False
2021-12-20,990.51,999.8766666666667,1001.192,1004.9040000000001,False
2021-12-21,996.6,996.1233333333333,999.95,1004.9,True
2021-12-22,1000.13,995.7466666666666,999.2719999999999,1004.309,True
2021-12-23,1003.31,1000.0133333333333,998.3620000000001,1002.3529999999998,True
2021-12-24,1007.42,1003.62,999.594,1001.9379999999999,True
2021-12-27,1011.36,1007.3633333333333,1003.7639999999999,1002.4780000000001,True
2021-12-28,1027.44,1015.4066666666668,1009.932,1004.941,True
2021-12-29,1028.05,1022.2833333333333,1015.516,1007.394,True
2021-12-30,1033.98,1029.8233333333333,1021.65,1010.006,True
2022-01-03,1037.83,1033.2866666666666,1027.732,1013.6629999999999,True
2022-01-04,1031.66,1034.49,1031.792,1017.7779999999999,True
2022-01-05,1009.62,1026.3700000000001,1028.228,1019.0799999999999,False
2022-01-06,980.3,1007.1933333333333,1018.6779999999999,1017.097,False
2022-01-07,995.16,995.0266666666666,1010.914,1016.2819999999999,True
2022-01-10,980.38,985.2800000000001,999.424,1013.5780000000001,False
2022-01-11,969.92,981.82,987.076,1009.434,False
2022-01-12,991.33,980.5433333333334,983.418,1005.823,True
2022-01-13,983.25,981.5,984.008,1001.3430000000001,True
2022-01-14,971.39,981.9900000000001,979.2540000000001,995.0840000000001,False
2022-01-17,957.9,970.8466666666667,974.758,987.091,False
2022-01-18,943.94,957.7433333333333,969.5619999999999,978.3190000000001,False
2022-01-19,933.9,945.2466666666666,958.076,970.747,False
2022-01-20,958.7,945.5133333333333,953.1659999999999,968.5870000000001,True
2022-01-21,942.85,945.15,947.458,963.356,False
2022-01-24,915.4,938.9833333333332,938.958,956.858,False
2022-01-25,889.44,915.8966666666666,928.058,948.8100000000001,False
2022-01-26,882.09,895.6433333333334,917.6960000000001,937.8860000000001,False
2022-01-27,849.23,873.5866666666667,895.802,924.484,False
2022-01-28,872.87,868.0633333333334,881.8060000000002,914.632,True
2022-02-03,891.6,871.2333333333332,877.046,908.0020000000001,True
2022-02-04,902.87,889.1133333333333,879.732,903.8950000000001,True
2022-02-07,899.4,897.9566666666666,883.1940000000001,900.445,True
2022-02-08,895.27,899.18,892.402,894.1020000000001,True
2022-02-09,910.53,901.7333333333332,899.934,890.8699999999999,True
2022-02-10,895.68,900.4933333333332,900.75,888.8979999999999,True
2022-02-11,877.42,894.5433333333332,895.6600000000001,887.6959999999999,False
2022-02-14,852.79,875.2966666666666,886.338,884.766,False
2022-02-15,839.92,856.71,875.268,883.835,False
2022-02-16,878.15,856.9533333333333,868.792,884.3629999999999,True
2022-02-17,874.22,864.0966666666667,864.5,882.625,True
2022-02-18,881.71,878.0266666666666,865.358,880.509,True
2022-02-21,884.25,880.06,871.65,878.994,True
2022-02-22,868.11,878.0233333333334,877.2879999999999,876.2779999999999,False
2022-02-23,877.33,876.5633333333334,877.124,872.958,True
2022-02-24,848.21,864.5500000000001,871.9219999999999,868.2109999999999,False
2022-02-25,872.98,866.1733333333333,870.176,867.767,True
2022-02-28,881.07,867.4200000000001,869.54,870.595,True
2022-03-02,895.45,883.1666666666666,875.0080000000002,876.1479999999999,True
2022-03-03,912.32,896.2800000000001,882.006,879.5649999999999,True
2022-03-04,900.96,902.91,892.5559999999999,882.2390000000001,True
2022-03-07,881.54,898.2733333333334,894.268,882.2220000000001,False
2022-03-08,870.14,884.2133333333333,892.082,880.811,False
2022-03-10,889.08,880.2533333333332,890.808,882.908,True
2022-03-11,891.71,883.6433333333333,886.686,884.3460000000001,True
2022-03-14,872.44,884.41,880.982,886.769,False
2022-03-15,871.22,878.4566666666668,878.918,886.5930000000001,False
2022-03-16,891.8,878.4866666666667,883.25,887.6659999999999,True
2022-03-17,914.13,892.3833333333333,888.26,889.534,True
2022-03-18,922.96,909.63,894.51,890.598,True
2022-03-21,918.4,918.4966666666668,903.702,892.342,True
2022-03-22,924.67,922.0099999999999,914.392,896.6550000000001,True
2022-03-23,930.57,924.5466666666666,922.1460000000001,902.698,True
2022-03-24,931.75,928.9966666666666,925.6700000000001,906.9649999999999,True
2022-03-25,934.69,932.3366666666667,928.016,911.2630000000001,True
2022-03-28,927.11,931.1833333333334,929.758,916.7299999999999,True
2022-03-29,937.83,933.21,932.39,923.391,True
2022-03-30,939.07,934.6700000000001,934.0900000000001,928.118,True
2022-03-31,944.53,940.4766666666668,936.6460000000001,931.158,True
2022-04-01,940.57,941.39,937.8220000000001,932.9189999999999,True
2022-04-04,947.32,944.14,941.8639999999999,935.811,True
2022-04-05,952.47,946.7866666666667,944.792,938.591,True
2022-04-06,943.13,947.64,945.604,939.847,True
2022-04-07,927.95,941.1833333333334,942.2880000000001,939.467,False
2022-04-08,934.73,935.27,941.1200000000001,939.4709999999999,False
2022-04-11,921.83,928.1700000000001,936.0220000000002,938.943,False
2022-04-12,913.82,923.46,928.292,936.542,False
2022-04-13,927.31,920.9866666666667,925.128,935.366,True
2022-04-14,928.01,923.0466666666666,925.14,933.7140000000002,True
2022-04-15,924.44,926.5866666666666,923.082,932.101,True
2022-04-18,918.23,923.56,922.3620000000001,929.192,False
2022-04-19,931.56,924.7433333333333,925.9100000000001,927.101,True
2022-04-20,928.93,926.2400000000001,926.234,925.6810000000002,True
2022-04-21,929.68,930.0566666666667,926.568,925.8539999999999,True
2022-04-22,922.78,927.13,926.2360000000001,924.659,False
2022-04-25,899.84,917.4333333333334,922.558,922.46,False
2022-04-26,911.16,911.2600000000001,918.4780000000001,922.1940000000001,False
2022-04-27,896.18,902.3933333333333,911.9279999999999,919.0809999999999,False
2022-04-28,892.22,899.8533333333334,904.436,915.5019999999998,False
2022-04-29,904.75,897.7166666666667,900.8299999999999,913.533,True
2022-05-02,901.82,899.5966666666667,901.226,911.8919999999998,True
2022-05-03,907.57,904.7133333333335,900.508,909.493,True
2022-05-04,900.06,903.15,901.284,906.606,False
2022-05-06,884.22,897.2833333333333,899.684,902.0600000000001,False
2022-05-09,860.84,881.7066666666666,890.902,895.866,False
2022-05-10,856.14,867.0666666666666,881.766,891.4959999999999,False
2022-05-11,866.34,861.1066666666667,873.5200000000001,887.0139999999999,True
2022-05-12,833.66,852.0466666666666,860.24,880.762,False
2022-05-13,853.08,851.0266666666666,854.0120000000001,876.8480000000002,True
2022-05-16,856.25,847.6633333333333,853.094,871.9980000000002,True
2022-05-17,865.98,858.4366666666666,855.0620000000001,868.414,True
2022-05-18,871.57,864.6,856.108,864.814,True
2022-05-19,863.8,867.1166666666668,862.1360000000001,861.1879999999999,True
2022-05-20,879.88,871.75,867.4960000000001,860.7540000000001,True
2022-05-23,883.59,875.7566666666667,872.9639999999999,863.0290000000001,True
2022-05-24,865.07,876.18,872.7819999999999,863.9219999999999,True
2022-05-25,872.69,873.7833333333333,873.006,864.557,True
2022-05-26,871.43,869.73,874.5319999999999,868.3340000000001,True
2022-05-27,873.97,872.6966666666667,873.35,870.423,True
2022-05-30,886.44,877.2800000000001,873.9200000000001,873.442,True
2022-05-31,893.36,884.59,879.5780000000001,876.18,True
2022-06-02,891.14,890.3133333333334,883.268,878.1370000000001,True
2022-06-03,891.51,892.0033333333334,887.284,880.908,True
2022-06-07,873.78,885.4766666666666,887.2459999999999,880.298,False
2022-06-08,874.95,880.0799999999999,884.948,879.434,False
2022-06-09,877.18,875.3033333333333,881.7120000000001,880.6450000000001,True
2022-06-10,869.86,873.9966666666666,877.4559999999999,880.3620000000001,False
2022-06-13,828.77,858.6033333333334,864.908,876.0959999999999,False
2022-06-14,823.58,840.7366666666667,854.868,871.057,False
2022-06-15,799.41,817.2533333333334,839.76,862.354,False
2022-06-16,802.15,808.38,824.7540000000001,853.233,False
2022-06-17,798.69,800.0833333333334,810.52,843.988,False
2022-06-20,769.92,790.2533333333334,798.75,831.8290000000001,False
2022-06-21,778.3,782.3033333333333,789.6940000000001,822.281,False
2022-06-22,746.96,765.06,779.2040000000001,809.482,False
2022-06-23,714.38,746.5466666666666,761.65,793.202,False
2022-06-24,750.3,737.2133333333333,751.972,781.2459999999999,True
2022-06-27,770.6,745.0933333333332,752.108,775.429,True
2022-06-28,769.51,763.4699999999999,750.35,770.022,True
2022-06-29,762.35,767.4866666666667,753.428,766.316,True
2022-06-30,745.44,759.1,759.6400000000001,760.645,False
2022-07-01,729.48,745.7566666666667,755.476,753.7239999999999,False
2022-07-04,722.73,732.5500000000001,745.902,749.005,False
2022-07-05,750.95,734.3866666666668,742.1899999999999,746.27,True
2022-07-06,744.63,739.4366666666668,738.646,746.037,True
2022-07-07,757.97,751.1833333333334,741.152,750.396,True
2022-07-08,766.48,756.36,748.552,752.014,True
2022-07-11,767.04,763.8299999999999,757.414,751.658,True
2022-07-12,750.78,761.4333333333334,757.38,749.7850000000001,True
2022-07-13,763.18,760.3333333333334,761.0899999999999,749.868,True
2022-07-14,766.08,760.0133333333333,762.7119999999999,751.932,True
2022-07-15,762.39,763.8833333333333,761.894,755.2230000000001,True
2022-07-18,776.72,768.3966666666666,763.83,760.6220000000001,True
2022-07-19,782.33,773.8133333333334,770.14,763.76,True
2022-07-20,790.72,783.2566666666668,775.648,768.369,True
2022-07-21,795.15,789.4,781.462,772.087,True
2022-07-22,789.75,791.8733333333333,786.934,774.414,True
2022-07-25,789.69,791.5300000000001,789.528,776.679,True
2022-07-26,789.93,789.79,791.048,780.594,True
2022-07-27,795.7,791.7733333333332,792.0440000000001,783.846,True
2022-07-28,798.32,794.65,792.678,787.07,True
2022-07-29,803.62,799.2133333333335,795.452,791.193,True
2022-08-01,807.61,803.1833333333334,799.036,794.2819999999999,True
2022-08-02,804.34,805.1899999999999,801.918,796.483,True
2022-08-03,815.36,809.1033333333334,805.8500000000001,798.947,True
2022-08-04,825.16,814.9533333333333,811.2180000000001,801.948,True
2022-08-05,831.64,824.0533333333333,816.822,806.137,True
2022-08-08,830.86,829.2199999999999,821.4720000000001,810.2540000000001,True
2022-08-09,833.65,832.0500000000001,827.3340000000001,814.626,True
2022-08-10,820.27,828.2600000000001,828.316,817.083,True
2022-08-11,832.15,828.6899999999999,829.7139999999999,820.466,True
2022-08-12,831.63,828.0166666666665,829.7120000000001,823.267,True
2022-08-16,834.74,832.84,830.4879999999999,825.9799999999999,True
2022-08-17,827.42,831.2633333333333,829.242,828.2879999999999,False
2022-08-18,826.06,829.4066666666666,830.4,829.358,False
2022-08-19,814.17,822.5500000000001,826.8040000000001,828.259,False
2022-08-22,795.87,812.0333333333333,819.652,824.682,False
2022-08-23,783.42,797.82,809.3879999999999,819.9379999999999,False
2022-08-24,793.14,790.81,802.5319999999999,815.887,True
2022-08-25,807.37,794.6433333333333,798.7940000000001,814.597,True
2022-08-26,802.45,800.9866666666667,796.45,811.627,True
2022-08-29,779.89,796.57,793.2540000000001,806.453,False
2022-08-30,797.02,793.12,795.9739999999999,802.6809999999999,True
2022-08-31,807.04,794.65,798.7539999999999,800.6429999999999,True
2022-09-01,788.32,797.46,794.944,796.869,False
2022-09-02,785.88,793.7466666666666,791.63,794.04,False
2022-09-05,771.43,781.8766666666667,789.938,791.596,False
2022-09-06,779.46,778.9233333333333,786.426,791.2,True
2022-09-07,768.19,773.0266666666666,778.6560000000001,788.705,False
2022-09-08,777.81,775.1533333333333,776.554,785.749,True
2022-09-13,796.79,780.93,778.736,785.183,True
2022-09-14,782.93,785.8433333333332,781.0360000000001,785.487,True
2022-09-15,781.38,787.0333333333333,781.42,783.923,False
2022-09-16,770.04,778.1166666666667,781.79,780.2230000000001,False
2022-09-19,751.91,767.7766666666666,776.61,776.582,False
2022-09-20,760.35,760.7666666666665,769.322,774.029,False
2022-09-21,754.89,755.7166666666666,763.714,772.375,False
2022-09-22,751.41,755.5500000000001,757.72,769.5699999999999,False
2022-09-23,729.36,745.2199999999999,749.5840000000001,765.6869999999999,False
2022-09-26,692.37,724.38,737.676,757.143,False
2022-09-27,698.11,706.6133333333333,725.228,747.275,False
2022-09-28,673.87,688.1166666666667,709.024,736.3689999999999,False
2022-09-29,675.07,682.35,693.7560000000001,725.7379999999999,False
2022-09-30,672.65,673.8633333333333,682.414,715.999,False
2022-10-04,696.79,681.5033333333334,683.298,710.487,True
2022-10-05,685.34,684.9266666666666,680.744,702.9860000000001,True
2022-10-06,706.01,696.0466666666666,687.172,698.098,True
2022-10-07,698.49,696.6133333333333,691.856,692.806,True
2022-10-11,669.5,691.3333333333334,691.226,686.82,False
2022-10-12,671.67,679.8866666666667,686.202,684.75,False
2022-10-13,651.59,664.2533333333333,679.452,680.098,False
2022-10-14,678.24,667.1666666666666,673.8979999999999,680.5350000000001,True
2022-10-17,682.0,670.61,670.6,681.2280000000001,True
2022-10-18,697.09,685.7766666666666,676.118,683.672,True
2022-10-19,690.56,689.8833333333333,679.896,683.049,True
2022-10-20,680.44,689.3633333333333,685.6659999999999,682.559,False
2022-10-21,674.48,681.8266666666667,684.914,679.406,False
2022-10-24,688.5,681.14,686.2139999999999,678.4069999999999,True
2022-10-25,688.85,683.9433333333333,684.566,680.342,True
2022-10-26,683.17,686.84,683.088,681.492,True
2022-10-27,695.09,689.0366666666665,686.018,685.842,True
2022-10-28,687.63,688.63,688.648,686.781,True
2022-10-31,695.33,692.6833333333334,690.014,688.1139999999999,True
2022-11-01,700.05,694.3366666666667,692.2540000000001,688.41,True
2022-11-02,697.37,697.5833333333334,695.094,689.091,True
2022-11-03,694.13,697.1833333333334,694.902,690.4599999999999,True
2022-11-04,693.89,695.13,696.154,692.4010000000001,True
2022-11-07,700.48,696.1666666666666,697.184,693.5989999999999,True
2022-11-08,713.33,702.5666666666666,699.8399999999999,696.0469999999999,True
2022-11-09,714.6,709.4700000000001,703.286,699.1899999999999,True
2022-11-10,707.78,711.9033333333333,706.0160000000001,700.459,True
2022-11-11,731.22,717.8666666666667,713.482,704.818,True
2022-11-14,729.54,722.8466666666667,719.294,708.239,True
2022-11-15,744.96,735.2399999999999,725.62,712.73,True
2022-11-16,743.1,739.2000000000002,731.32,717.3030000000001,True
2022-11-17,737.54,741.8666666666668,737.2719999999999,721.644,True
2022-11-18,731.92,737.52,737.412,725.447,True
2022-11-21,718.57,729.3433333333332,735.2180000000001,727.2560000000001,False
2022-11-22,712.26,720.9166666666666,728.6780000000001,727.149,False
2022-11-23,725.59,718.8066666666667,725.1759999999999,728.248,True
2022-11-24,738.22,725.3566666666667,725.3120000000001,731.292,True
2022-11-25,733.56,732.4566666666666,725.6400000000001,731.5260000000001,True
2022-11-28,717.9,729.8933333333333,725.506,730.362,False
2022-11-29,727.54,726.3333333333334,728.5619999999999,728.62,True
2022-11-30,729.54,724.9933333333333,729.3520000000001,727.2639999999999,True
2022-12-01,740.6,732.56,729.828,727.5699999999999,True
2022-12-02,732.95,734.3633333333333,729.7059999999999,727.673,True
2022-12-05,733.32,735.6233333333333,732.7900000000001,729.1479999999999,True
2022-12-06,719.44,728.57,731.17,729.866,False
2022-12-07,718.14,723.6333333333333,728.8900000000001,729.121,False
2022-12-08,712.52,716.6999999999999,723.274,726.551,False
2022-12-09,719.49,716.7166666666667,720.5820000000001,725.144,True
2022-12-12,715.22,715.7433333333333,716.962,724.876,False
2022-12-13,715.16,716.6233333333333,716.106,723.638,False
2022-12-14,729.0,719.7933333333334,718.278,723.5840000000001,True
2022-12-15,722.68,722.2800000000001,720.3100000000001,721.792,True
2022-12-16,717.41,723.0300000000001,719.894,720.238,False
2022-12-19,717.22,719.1033333333334,720.2940000000001,718.6279999999999,False
2022-12-20,703.13,712.5866666666667,717.888,716.9970000000001,False
2022-12-21,705.7,708.6833333333334,713.228,715.7529999999999,False
2022-12-22,715.02,707.9499999999999,711.696,716.0029999999999,True
2022-12-23,691.25,703.9899999999999,706.464,713.179,False
2022-12-26,694.68,700.3166666666666,701.956,711.125,False
2022-12-27,704.19,696.7066666666666,702.168,710.028,True
2022-12-28,692.37,697.08,699.502,706.365,False
2022-12-29,679.29,691.9499999999999,692.356,702.0260000000001,False
