회사명,종목코드,상장일
티이엠씨,425040,2023-01-19
한주라이트메탈,198940,2023-01-19
옵티코어,380540,2022-12-29
신영스팩9호,445970,2022-12-27
신스틸,162300,2022-12-23
비엔케이제1호스팩,445360,2022-12-22
IBKS제21호스팩,442770,2022-12-16
엔에이치스팩27호,440820,2022-12-16
핑거스토리,417180,2022-12-08
SAMG엔터,419530,2022-12-06
대신밸런스제14호스팩,442310,2022-12-05
엔에이치스팩26호,439410,2022-12-01
유진스팩9호,442130,2022-12-01
대신밸런스제13호스팩,438220,2022-11-28
펨트론,168360,2022-11-24
인벤티지랩,389470,2022-11-22
엔젯,419080,2022-11-18
유비온,084440,2022-11-18
티쓰리,204610,2022-11-17
티에프이,425420,2022-11-17
윤성에프앤씨,372170,2022-11-14
디티앤씨알오,383930,2022-11-11
뉴로메카,348340,2022-11-04
제이아이테크,417500,2022-11-04
엔에이치스팩25호,438580,2022-11-03
케이비제23호스팩,440200,2022-11-03
교보13호스팩,440790,2022-11-02
큐알티,405100,2022-11-02
IBKS제20호스팩,439730,2022-10-28
저스템,417840,2022-10-28
산돌,419120,2022-10-27
삼성스팩7호,439250,2022-10-26
플라즈맵,405000,2022-10-21
엔에이치스팩24호,437780,2022-10-20
핀텔,291810,2022-10-20
하나금융25호스팩,435620,2022-10-20
한국제11호스팩,436610,2022-10-20
샤페론,378800,2022-10-19
비스토스,419540,2022-10-18
탑머티리얼,360070,2022-10-18
에스비비테크,389500,2022-10-17
오에스피,368970,2022-10-14
모델솔루션,417970,2022-10-07
이노룰스,296640,2022-10-07
파인엠텍,441270,2022-10-07
SK증권제8호스팩,435870,2022-10-06
유안타제10호스팩,435380,2022-10-06
선바이오,067370,2022-10-05
더블유씨피,393890,2022-09-30
알피바이오,314140,2022-09-29
하나금융24호스팩,430230,2022-09-29
한화플러스제3호스팩,430460,2022-09-29
오픈엣지테크놀로지,394280,2022-09-26
케이비제22호스팩,436530,2022-09-22
하나금융23호스팩,427950,2022-09-15
키움제7호스팩,433530,2022-09-07
IBKS제19호스팩,426550,2022-08-26
신영스팩8호,430220,2022-08-26
대성하이텍,129920,2022-08-22
에이치와이티씨,148930,2022-08-09
새빗켐,107600,2022-08-04
유안타제9호스팩,430700,2022-08-04
신한제10호스팩,418210,2022-07-29
아이씨에이치,368600,2022-07-29
성일하이텍,365340,2022-07-28
에이프릴바이오,397030,2022-07-28
IBKS제18호스팩,424760,2022-07-22
루닛,328130,2022-07-21
HPSP,403870,2022-07-15
대신밸런스제12호스팩,426670,2022-07-14
영창케미칼,112290,2022-07-14
코난테크놀로지,402030,2022-07-07
넥스트칩,396270,2022-07-01
삼성스팩6호,425290,2022-06-30
엔에이치스팩23호,422040,2022-06-28
교보12호스팩,421800,2022-06-24
레이저쎌,412350,2022-06-24
보로노이,310210,2022-06-24
위니아에이드,377460,2022-06-23
케이비제21호스팩,424140,2022-06-23
비플라이소프트,148780,2022-06-20
범한퓨얼셀,382900,2022-06-17
청담글로벌,362320,2022-06-03
하나금융22호스팩,418170,2022-05-26
가온칩스,399720,2022-05-20
대명에너지,389260,2022-05-16
상상인제3호스팩,415580,2022-04-29
신영스팩7호,419270,2022-04-28
포바이포,389140,2022-04-28
신한제9호스팩,405640,2022-04-27
미래에셋비전스팩1호,412930,2022-04-21
키움제6호스팩,413600,2022-04-07
지투파워,388050,2022-04-01
유진스팩8호,413630,2022-03-31
세아메카닉스,396300,2022-03-24
공구우먼,366030,2022-03-23
유일로보틱스,388720,2022-03-18
모아데이타,288980,2022-03-10
에스케이증권7호스팩,408920,2022-03-07
노을,376930,2022-03-03
비씨엔씨,146320,2022-03-03
풍원정밀,371950,2022-02-28
스톤브릿지벤처스,330730,2022-02-25
하나금융21호스팩,406760,2022-02-25
브이씨,365900,2022-02-24
퓨런티어,370090,2022-02-23
바이오에프디엔씨,251120,2022-02-21
한국제10호스팩,409570,2022-02-21
IBKS제17호스팩,405350,2022-02-18
인카금융서비스,211050,2022-02-16
나래나노텍,137080,2022-02-08
아셈스,136410,2022-02-07
스코넥,276040,2022-02-04
이지트로닉스,377330,2022-02-04
애드바이오텍,179530,2022-01-24
케이옥션,102370,2022-01-24
디비금융스팩10호,404950,2022-01-20
오토앤,353590,2022-01-20
래몽래인,200350,2021-12-30
하나금융20호스팩,400560,2021-12-27
엔에이치스팩22호,396770,2021-12-24
교보11호스팩,397880,2021-12-20
하이제7호스팩,400840,2021-12-20
다올인베스트먼트,298870,2021-12-16
툴젠,199800,2021-12-10
대신밸런스제11호스팩,397500,2021-12-02
마인즈랩,377480,2021-11-23
알비더블유,361570,2021-11-22
바이옵트로,222160,2021-11-18
트윔,290090,2021-11-17
아이티아이즈,372800,2021-11-11
지오엘리먼트,311320,2021-11-11
디어유,376300,2021-11-10
비트나인,357880,2021-11-10
지니너스,389030,2021-11-08
피코그램,376180,2021-11-03
엔켐,348370,2021-11-01
리파인,377450,2021-10-29
지앤비에스엔지니어링,382800,2021-10-29
아이패밀리에스씨,114840,2021-10-28
차백신연구소,261780,2021-10-22
지아이텍,382480,2021-10-21
코닉오토메이션,391710,2021-10-15
씨유테크,376290,2021-10-08
아스플로,159010,2021-10-07
원준,382840,2021-10-07
하나금융19호스팩,388220,2021-10-07
엔에이치스팩20호,391060,2021-10-05
실리콘투,257720,2021-09-29
에스앤디,260970,2021-09-29
프롬바이오,377220,2021-09-28
바이오플러스,099430,2021-09-27
신한제8호스팩,393360,2021-09-27
대신밸런스제10호스팩,387310,2021-09-17
유진스팩7호,388800,2021-09-13
와이엠텍,273640,2021-09-10
에이비온,203400,2021-09-08
IBKS제16호스팩,388790,2021-09-03
바이젠셀,308080,2021-08-25
브레인즈컴퍼니,099390,2021-08-19
딥노이드,315640,2021-08-17
엠로,058970,2021-08-13
플래티어,367000,2021-08-12
원티드랩,376980,2021-08-11
HK이노엔,195940,2021-08-09
한화플러스제2호스팩,386580,2021-08-05
에브리봇,270660,2021-07-28
맥스트,377030,2021-07-27
큐라클,365270,2021-07-22
오비고,352910,2021-07-13
아모센스,357580,2021-06-25
이노뎁,303530,2021-06-18
라온테크,232680,2021-06-17
삼성머스트스팩5호,380320,2021-06-17
엘비루셈,376190,2021-06-11
에이디엠코리아,187660,2021-06-03
에코프로에이치엔,383310,2021-05-28
제주맥주,276730,2021-05-26
진시스템,363250,2021-05-26
삼성스팩4호,377630,2021-05-21
삼영에스앤씨,361670,2021-05-21
샘씨엔에스,252990,2021-05-20
씨앤씨인터내셔널,352480,2021-05-17
에이치피오,357230,2021-05-14
하이제6호스팩,377400,2021-05-10
쿠콘,294570,2021-04-28
이삭엔지니어링,351330,2021-04-21
해성티피씨,059270,2021-04-21
유진스팩6호,373340,2021-04-08
유안타제8호스팩,367480,2021-04-05
엔시스,333620,2021-04-01
자이언트스텝,289220,2021-03-24
제노코,361390,2021-03-24
라이프시맨틱스,347700,2021-03-23
바이오다인,314930,2021-03-17
DB금융스팩9호,367360,2021-03-16
네오이뮨텍,950220,2021-03-16
싸이버원,356890,2021-03-11
프레스티지바이오로직스,334970,2021-03-11
나노씨엠에스,247660,2021-03-09
하나머스트7호스팩,372290,2021-03-05
뷰노,338220,2021-02-26
하인크코리아,373200,2021-02-26
유일에너테크,340930,2021-02-25
씨이랩,189330,2021-02-24
오로스테크놀로지,322310,2021-02-24
피엔에이치테크,239890,2021-02-16
모비데이즈,363260,2021-02-10
아이퀘스트,262840,2021-02-05
신한제7호스팩,366330,2021-02-04
레인보우로보틱스,277810,2021-02-03
와이더플래닛,321820,2021-02-03
핑거,163730,2021-01-29
모비릭스,348030,2021-01-28
씨앤투스,352700,2021-01-28
선진뷰티사이언스,086710,2021-01-27
엔비티,236810,2021-01-21
파이버프로,368770,2021-01-21
블리츠웨이,369370,2020-12-23
석경에이티,357550,2020-12-23
지놈앤컴퍼니,314130,2020-12-23
프리시젼바이오,335810,2020-12-22
알체라,347860,2020-12-21
하이딥,365590,2020-12-21
에프앤가이드,064850,2020-12-17
에이치엠씨제5호스팩,353060,2020-12-16
티엘비,356860,2020-12-14
인바이오,352940,2020-12-11
엔젠바이오,354200,2020-12-10
DB금융스팩8호,367340,2020-12-09
퀀타매트릭스,317690,2020-12-09
클리노믹스,352770,2020-12-04
포인트모바일,318020,2020-12-03
앱코,129890,2020-12-02
엔에프씨,265740,2020-12-02
제일전기공업,199820,2020-11-26
하나기술,299030,2020-11-25
티앤엘,340570,2020-11-20
고바이오랩,348150,2020-11-18
네패스아크,330860,2020-11-17
소룩스,290690,2020-11-06
위드텍,348350,2020-10-30
센코,347000,2020-10-29
바이브컴퍼니,301300,2020-10-28
미코바이오메드,214610,2020-10-22
피플바이오,304840,2020-10-19
넥스틴,348210,2020-10-08
원방테크,053080,2020-09-24
비나텍,126340,2020-09-23
씨엔알리서치,359090,2020-09-23
박셀바이오,323990,2020-09-22
비비씨,318410,2020-09-21
교보10호기업인수목적,355150,2020-09-18
핌스,347770,2020-09-18
압타머사이언스,291650,2020-09-16
이오플로우,294090,2020-09-14
카카오게임즈,293490,2020-09-10
피엔케이피부임상연구센타,347740,2020-09-09
미래에셋대우스팩 5호,353490,2020-08-28
아이디피,332370,2020-08-24
셀레믹스,331920,2020-08-21
미투젠,950190,2020-08-18
브랜드엑스코퍼레이션,337930,2020-08-13
영림원소프트랩,060850,2020-08-12
한국파마,032300,2020-08-10
솔브레인,357780,2020-08-06
이루다,164060,2020-08-06
와이팜,332570,2020-07-31
에코앤드림,101360,2020-07-30
에이치엠씨제4호스팩,353070,2020-07-29
엠투아이,347890,2020-07-29
더네이쳐홀딩스,298540,2020-07-27
제놀루션,225220,2020-07-24
솔트룩스,304100,2020-07-23
하나금융16호스팩,343510,2020-07-23
티에스아이,277880,2020-07-22
에이프로,262260,2020-07-16
IBKS제13호스팩,351340,2020-07-15
소마젠,950200,2020-07-13
신도기연,290520,2020-07-06
위더스제약,330350,2020-07-03
엠브레인,169330,2020-07-01
젠큐릭스,229000,2020-06-25
HB솔루션,297890,2020-06-22
에스에이티이엔지,351320,2020-06-22
에스씨엠생명과학,298060,2020-06-17
휴럼,353190,2020-06-17
이지바이오,353810,2020-06-05
드림씨아이에스,223250,2020-05-22
엔피디,198080,2020-03-16
플레이디,237820,2020-03-12
서울바이오시스,092190,2020-03-06
제이앤티씨,204270,2020-03-04
켄코아에어로스페이스,274090,2020-03-03
레몬,294140,2020-02-28
서남,294630,2020-02-20
신영스팩6호,344050,2020-02-12
위세아이텍,065370,2020-02-10
세림B&G,340440,2019-12-27
CJ 바이오사이언스,311690,2019-12-26
피피아이,062970,2019-12-26
RF머트리얼즈,327260,2019-12-24
아이비김영,339950,2019-12-24
브릿지바이오,288330,2019-12-20
다보링크,340360,2019-12-19
메드팩토,235980,2019-12-19
원텍,336570,2019-12-19
신테카바이오,226330,2019-12-17
제이엘케이,322510,2019-12-11
태웅로직스,124560,2019-12-10
윙스풋,335870,2019-12-09
리메드,302550,2019-12-06
비올,335890,2019-12-03
웨이버스,336060,2019-11-28
노터스,278650,2019-11-27
티움바이오,321550,2019-11-22
씨에스베어링,297090,2019-11-21
우양,103840,2019-11-20
코리아에셋투자증권,190650,2019-11-20
에스제이그룹,306040,2019-11-18
제테마,216080,2019-11-14
라파스,214260,2019-11-11
아이티엠반도체,084850,2019-11-07
일승,333430,2019-11-06
미디어젠,279600,2019-11-05
모코엠시스,333050,2019-10-31
티라유텍,322180,2019-10-31
밸로프,331520,2019-10-29
캐리소프트,317530,2019-10-29
케이엔제이,272110,2019-10-25
엔바이오니아,317870,2019-10-24
팜스빌,318010,2019-10-22
라온피플,300120,2019-10-18
아톤,158430,2019-10-17
녹십자웰빙,234690,2019-10-14
누보,332290,2019-10-11
포커스에이치엔에스,331380,2019-10-02
올리패스,244460,2019-09-20
라닉스,317120,2019-09-18
윈텍,320000,2019-09-18
한독크린텍,256150,2019-09-05
네오크레마,311390,2019-08-22
마니커에프앤지,195500,2019-08-20
솔트웨어,328380,2019-08-20
나노브릭,286750,2019-08-19
에스피시스템스,317830,2019-08-14
레이,228670,2019-08-08
그린플러스,186230,2019-08-07
코윈테크,282880,2019-08-05
덕산테코피아,317330,2019-08-02
KBG,318000,2019-08-01
슈프리마아이디,317770,2019-08-01
세경하이테크,148150,2019-07-30
윌링스,313760,2019-07-25
대모,317850,2019-07-24
에이스토리,241840,2019-07-19
플리토,300080,2019-07-17
헥토파이낸셜,234340,2019-07-12
아이스크림에듀,289010,2019-07-11
펌텍코리아,251970,2019-07-04
에이에프더블류,312610,2019-07-01
태성,323280,2019-06-24
엠에프엠코리아,323230,2019-06-19
압타바이오,293780,2019-06-12
까스텔바작,308100,2019-06-10
마이크로디지탈,305090,2019-06-05
코퍼스코리아,322780,2019-05-31
프로이천,321260,2019-05-31
수젠텍,253840,2019-05-28
컴퍼니케이,307930,2019-05-23
피에스케이,319660,2019-05-10
현대무벡스,319400,2019-05-08
TS트릴리온,317240,2019-04-29
아모그린텍,125210,2019-03-29
지노믹트리,228760,2019-03-27
이지케어텍,099750,2019-03-22
미래에셋벤처투자,100790,2019-03-15
에코프로비엠,247540,2019-03-05
셀리드,299660,2019-02-20
천보,278280,2019-02-11
이노테라피,246960,2019-02-01
노랑풍선,104620,2019-01-30
웹케시,053580,2019-01-25
비피도,238200,2018-12-26
유틸렉스,263050,2018-12-24
디케이티,290550,2018-12-21
아이엘사이언스,307180,2018-12-21
애니플러스,310200,2018-12-21
디와이씨,310870,2018-12-20
오하임아이엔티,309930,2018-12-20
위지윅스튜디오,299900,2018-12-20
국전약품,307750,2018-12-19
에이비엘바이오,298380,2018-12-19
머큐리,100590,2018-12-14
전진바이오팜,110020,2018-12-14
뉴트리,270870,2018-12-13
비투엔,307870,2018-12-12
이노메트리,302430,2018-12-12
대유에이피,290120,2018-12-07
에코캡,128540,2018-12-05
원바이오젠,307280,2018-12-05
베스파,299910,2018-12-03
윙입푸드,900340,2018-11-30
남화산업,111710,2018-11-29
엠아이텍,179290,2018-11-29
티로보틱스,117730,2018-11-29
네오펙트,290660,2018-11-28
티앤알바이오팹,246710,2018-11-28
디알젬,263690,2018-11-22
싸이토젠,217330,2018-11-22
아주IB투자,027360,2018-11-21
파멥신,208340,2018-11-21
디케이앤디,263020,2018-11-20
에이치앤비디자인,227100,2018-11-15
노바렉스,194700,2018-11-14
셀리버리,268600,2018-11-09
대보마그네틱,290670,2018-11-06
노바텍,285490,2018-11-02
엘앤씨바이오,290650,2018-11-01
네온테크,306620,2018-10-31
로보티즈,108490,2018-10-26
옵티팜,153710,2018-10-26
에스퓨얼셀,288620,2018-10-15
나우IB,293580,2018-10-04
푸드나무,290720,2018-10-04
크리스에프앤씨,110790,2018-10-01
더블유에스아이,299170,2018-09-21
지티지웰니스,219750,2018-09-21
명성티엔에스,257370,2018-09-13
엔피,291230,2018-09-13
디지캡,197140,2018-09-07
지니틱스,303030,2018-08-30
액트로,290740,2018-08-28
오파스넷,173130,2018-08-24
에이피티씨,089970,2018-08-23
바이오솔루션,086820,2018-08-20
대유,290380,2018-08-10
디아이티,110990,2018-08-07
에스에스알,275630,2018-08-06
휴네시온,290270,2018-08-02
한국유니온제약,080720,2018-07-26
그리티,204020,2018-07-23
알로이스,297570,2018-07-20
올릭스,226950,2018-07-18
아이큐어,175250,2018-07-12
SV인베스트먼트,289080,2018-07-06
EDGC,245620,2018-06-26
카이노스메드,284620,2018-06-08
파워넷,037030,2018-06-07
카나리아바이오,016790,2018-06-01
세종메디칼,258830,2018-05-29
제노레이,122310,2018-05-28
제이시스메디칼,287410,2018-05-08
JTC,950170,2018-04-06
네오셈,253590,2018-04-04
케어랩스,263700,2018-03-28
린드먼아시아,277070,2018-03-14
오스테오닉,226400,2018-02-22
엔지켐생명과학,183490,2018-02-21
동구바이오제약,006620,2018-02-13
아시아종묘,154030,2018-02-12
알리코제약,260660,2018-02-12
카페24,042000,2018-02-08
링크제니시스,219420,2018-02-05
배럴,267790,2018-02-01
SG,255220,2018-01-26
씨앤지하이테크,264660,2018-01-25
시스웍,269620,2017-12-26
디바이스이엔지,187870,2017-12-20
레이크머티리얼즈,281740,2017-12-12
씨티케이,260930,2017-12-07
메카로,241770,2017-12-06
에스트래픽,234300,2017-12-05
체리부로,066360,2017-12-04
대원,007680,2017-12-01
비즈니스온,138580,2017-11-30
스튜디오드래곤,253450,2017-11-24
비디아이,148140,2017-11-09
코오롱티슈진,950160,2017-11-06
영화테크,265560,2017-10-26
폴라리스세원,234100,2017-10-20
상신전자,263810,2017-10-16
야스,255440,2017-09-29
인산가,277410,2017-09-29
휴엠앤씨,263920,2017-09-28
신흥에스이씨,243840,2017-09-27
유티아이,179900,2017-09-27
선익시스템,171090,2017-09-20
엠플러스,259630,2017-09-20
앱클론,174900,2017-09-18
어스앤에어로스페이스,263540,2017-09-15
펄어비스,263750,2017-09-14
케이피에스,256940,2017-09-06
덕우전자,263600,2017-08-28
지엔원에너지,270520,2017-08-22
케일럼,258610,2017-08-22
알에스오토메이션,140670,2017-08-11
컬러레이,900310,2017-08-10
와이즈버즈,273060,2017-08-07
모트렉스,118990,2017-08-04
데이타솔루션,263800,2017-08-03
지니언스,263860,2017-08-02
디앤씨미디어,263720,2017-08-01
셀트리온헬스케어,091990,2017-07-28
이즈미디어,181340,2017-07-26
힘스,238490,2017-07-20
브이원텍,251630,2017-07-13
아우딘퓨쳐스,227610,2017-07-12
이녹스첨단소재,272290,2017-07-10
하림지주,003380,2017-06-30
덴티스,261200,2017-06-26
나인테크,267320,2017-06-22
보라티알,250000,2017-06-08
매일유업,267980,2017-06-05
삼양옵틱스,225190,2017-06-02
이랜시스,264850,2017-06-01
필옵틱스,161580,2017-06-01
포인트엔지니어링,256630,2017-05-02
하나머티리얼즈,166090,2017-04-28
소프트캠프,258790,2017-04-27
와이엠티,251370,2017-04-27
AP시스템,265520,2017-04-07
유에스티,263770,2017-04-06
이엘피,063760,2017-04-06
유비쿼스,264450,2017-03-31
서진시스템,178320,2017-03-27
코미코,183300,2017-03-23
아스타,246720,2017-03-20
에스디생명공학,217480,2017-03-02
신신제약,002800,2017-02-28
에프엔에스테크,083500,2017-02-27
모바일어플라이언스,087260,2017-02-24
피씨엘,241820,2017-02-23
서플러스글로벌,140070,2017-01-25
유바이오로직스,206650,2017-01-24
한국비엔씨,256840,2016-12-28
DSC인베스트먼트,241520,2016-12-19
TS인베스트먼트,246690,2016-12-15
마이크로프랜드,147760,2016-12-12
애니젠,196300,2016-12-07
유니온커뮤니티,203450,2016-12-07
신라젠,215600,2016-12-06
자비스,254120,2016-12-02
오션브릿지,241790,2016-12-01
퓨쳐켐,220100,2016-12-01
뉴파워프라즈마,144960,2016-11-30
엘앤케이바이오,156100,2016-11-30
핸디소프트,220180,2016-11-24
클리오,237880,2016-11-09
오가닉티코스메틱,900300,2016-11-04
얼라인드,238120,2016-11-03
세화피앤씨,252500,2016-11-02
인크로스,216050,2016-10-31
에이치엘사이언스,239610,2016-10-28
코스메카코리아,241710,2016-10-28
GRT,900290,2016-10-25
골든센츄리,900280,2016-10-19
인텔리안테크,189300,2016-10-18
에이치시티,072990,2016-10-17
잉글우드랩,950140,2016-10-14
앤디포스,238090,2016-10-12
수산아이앤티,050960,2016-10-11
미투온,201490,2016-10-10
예선테크,250930,2016-09-29
유니테크노,241690,2016-09-20
모비스,250060,2016-09-08
나무기술,242040,2016-09-07
자이글,234920,2016-09-06
헝셩그룹,900270,2016-08-18
에코마케팅,230360,2016-08-08
엔지스테크널러지,208860,2016-07-28
우리손에프앤지,073560,2016-07-27
아이윈플러스,123010,2016-07-20
장원테크,174880,2016-07-15
위니아,071460,2016-07-14
비엘,142760,2016-07-07
피앤씨테크,237750,2016-07-04
로스웰,900260,2016-06-30
에스티팜,237690,2016-06-23
지씨셀,144510,2016-06-23
알엔투테크놀로지,148250,2016-06-22
줌인터넷,239340,2016-06-09
휴온스,243070,2016-06-03
원익IPS,240810,2016-05-02
레이언스,228850,2016-04-11
동양파일,228340,2016-04-06
팬젠,222110,2016-03-11
AP위성,211270,2016-03-04
에이트원,230980,2016-03-02
큐리언트,115180,2016-02-29
안트로젠,065660,2016-02-15
슈프리마,236200,2016-02-05
유니트론텍,142210,2016-02-02
크리스탈신소재,900250,2016-01-28
더코디,224060,2015-12-29
에스와이,109610,2015-12-29
와이아이케이,232140,2015-12-24
육일씨엔에쓰,191410,2015-12-24
커머스마이너,223310,2015-12-24
휴젤,145020,2015-12-24
한국맥널티,222980,2015-12-23
덱스터,206560,2015-12-22
아진산업,013310,2015-12-22
HLB제약,047920,2015-12-21
강스템바이오텍,217730,2015-12-21
메가엠디,133750,2015-12-18
보광산업,225530,2015-12-17
파크시스템스,140860,2015-12-17
에치에프알,230240,2015-12-16
예스티,122640,2015-12-16
코스맥스엔비티,222040,2015-12-16
멕아이씨에스,058110,2015-12-14
원익피앤이,217820,2015-12-07
하이즈항공,221840,2015-11-25
DXVX,180400,2015-11-20
케이디켐,221980,2015-11-19
네오오토,212560,2015-11-18
엔투텍,227950,2015-11-18
케어젠,214370,2015-11-17
아이진,185490,2015-11-16
나무가,190510,2015-11-12
이노시스,056090,2015-11-12
본느,226340,2015-11-05
연우,115960,2015-11-02
엔케이맥스,182400,2015-10-23
KH 건설,226360,2015-10-22
엑시콘,092870,2015-10-22
뉴지랩파마,214870,2015-10-13
케이엠제약,225430,2015-10-08
한송네오텍,226440,2015-10-06
패션플랫폼,225590,2015-10-05
넥슨게임즈,225570,2015-09-25
제너셈,217190,2015-09-25
타이거일렉,219130,2015-09-25
인포마크,175140,2015-09-23
씨아이에스,222080,2015-09-02
에이텍티앤,224110,2015-08-25
웹스,196700,2015-08-24
파인텍,131760,2015-08-17
세토피아,222810,2015-08-13
심텍,222800,2015-08-07
흥국에프엔비,189980,2015-08-07
쎄노텍,222420,2015-08-06
칩스앤미디어,094360,2015-08-05
아시아경제,127710,2015-07-31
아이쓰리시스템,214430,2015-07-30
로지시스,067730,2015-07-29
켐트로스,220260,2015-07-27
파마리서치,214450,2015-07-24
디와이디,219550,2015-07-22
펩트론,087010,2015-07-22
RFHIC,218410,2015-06-30
동운아나텍,094170,2015-06-30
유테크,178780,2015-06-30
헥토이노베이션,214180,2015-06-30
이큐셀,160600,2015-06-26
코아스템켐온,166480,2015-06-26
에스엘바이오닉스,214310,2015-06-25
베셀,177350,2015-06-19
넵튠,217270,2015-06-18
미래생명자원,218150,2015-06-18
싸이맥스,160980,2015-06-17
러셀,217500,2015-06-16
픽셀플러스,087600,2015-06-12
디딤이앤에프,217620,2015-06-10
제노포커스,187420,2015-05-29
우정바이오,215380,2015-05-18
토박스코리아,215480,2015-05-13
이노인스트루먼트,215790,2015-05-08
우리산업,215360,2015-05-06
메가스터디교육,215200,2015-05-04
휴센텍,215090,2015-04-28
로보로보,215100,2015-04-22
디알텍,214680,2015-04-20
에이비프로바이오,195990,2015-04-13
골프존,215000,2015-04-03
클래시스,214150,2015-04-03
FSN,214270,2015-03-25
포시에스,189690,2015-02-11
덕산네오룩스,213420,2015-02-06
국일신동,060480,2014-12-29
바디텍메드,206640,2014-12-29
스튜디오산타클로스,204630,2014-12-29
썸에이지,208640,2014-12-29
와이제이엠게임즈,193250,2014-12-29
에이팩트,200470,2014-12-26
휴메딕스,200670,2014-12-26
바이오로그디바이스,208710,2014-12-24
서전기전,189860,2014-12-24
아스트,067390,2014-12-24
오킨스전자,080580,2014-12-24
지란지교시큐리티,208350,2014-12-24
NEW,160550,2014-12-23
아이티센,124500,2014-12-23
녹십자엠에스,142280,2014-12-17
디티앤씨,187220,2014-12-17
셀바스헬스케어,208370,2014-12-17
정다운,208140,2014-12-17
하이로닉,149980,2014-12-17
랩지노믹스,084650,2014-12-16
에이디테크놀로지,200710,2014-12-16
비씨월드제약,200780,2014-12-15
미스터블루,207760,2014-12-12
알테오젠,196170,2014-12-12
베노홀딩스,206400,2014-12-10
대창스틸,140520,2014-12-05
에프엔씨엔터,173940,2014-12-04
휴마시스,205470,2014-12-01
텔콘RF제약,200230,2014-11-24
지엘팜텍,204840,2014-11-20
글로벌텍스프리,204620,2014-11-19
디에이테크놀로지,196490,2014-11-19
액션스퀘어,205500,2014-11-12
엑셈,205100,2014-11-07
테고사이언스,191420,2014-11-06
슈피겐코리아,192440,2014-11-05
영우디에스피,143540,2014-10-29
드림시큐리티,203650,2014-10-13
메디아나,041920,2014-10-07
데브시스터즈,194480,2014-10-06
프로스테믹스,203690,2014-09-30
휴림네트웍스,192410,2014-08-14
고려시멘트,198440,2014-08-13
신화콘텍,187270,2014-08-08
파버나인,177830,2014-08-04
덕신하우징,090410,2014-08-01
창해에탄올,004650,2014-07-30
윈하이텍,192390,2014-07-25
아진엑스텍,059120,2014-07-24
콜마비앤에이치,200130,2014-07-23
트루윈,105550,2014-07-11
코아시아옵틱스,196450,2014-06-02
캐스텍코리아,071850,2014-05-27
나노,187790,2014-05-08
케이사인,192250,2014-04-28
오이솔루션,138080,2014-02-27
한국정보인증,053300,2014-02-04
솔루에타,154040,2013-12-27
현대이지웰,090850,2013-12-27
SGA솔루션즈,184230,2013-12-20
기가레인,049080,2013-12-19
인트로메딕,150840,2013-12-19
알티캐스트,085810,2013-12-06
현대공업,170030,2013-12-04
엔브이에이치코리아,067570,2013-12-03
탑코미디어,134580,2013-11-26
큐브엔터,182360,2013-11-21
라이온켐텍,171120,2013-11-19
램테크놀러지,171010,2013-11-18
THE MIDONG,161570,2013-11-13
협진,138360,2013-11-08
해성옵틱스,076610,2013-11-06
내츄럴엔도텍,168330,2013-10-31
두산테스나,131970,2013-10-22
파수,150900,2013-10-18
엘티씨,170920,2013-10-08
지엔씨에너지,119850,2013-10-02
아미코젠,092040,2013-09-12
GH신소재,130500,2013-08-02
파이오링크,170790,2013-08-01
KG ETS,151860,2013-07-24
나스미디어,089600,2013-07-17
엑세스바이오,950130,2013-05-30
레고켐바이오,141080,2013-05-10
윈팩,097800,2013-03-07
코렌텍,104540,2013-03-05
제로투세븐,159580,2013-02-19
한솔아이원스,114810,2013-02-07
우리이앤엘,153490,2013-02-05
아이센스,099190,2013-01-30
디에스앤엘,141020,2013-01-29
스킨앤스킨,159910,2012-12-27
SBI핀테크솔루션즈,950110,2012-12-17
우리로,046970,2012-11-27
디젠스,113810,2012-11-22
와이엠씨,155650,2012-11-15
아바텍,149950,2012-11-06
코이즈,121850,2012-09-27
SBW생명과학,151910,2012-08-02
네이블커뮤니케이션즈,153460,2012-07-19
노블엠앤비,106520,2012-07-13
피엔티,137400,2012-07-06
비아트론,141000,2012-05-04
빛샘전자,072950,2012-03-21
사람인에이치알,143240,2012-02-21
제룡산업,147830,2012-02-13
남화토건,091590,2012-01-31
메지온,140410,2012-01-20
원익머트리얼즈,104830,2011-12-28
디엔에이링크,127120,2011-12-26
나이스디앤비,130580,2011-12-22
시큐브,131090,2011-12-21
서암기계공업,100660,2011-12-19
씨유메디칼,115480,2011-12-15
키네마스터,139670,2011-12-02
비덴트,121800,2011-12-01
신진에스엠,138070,2011-11-28
이엠넷,123570,2011-11-25
와이지엔터테인먼트,122870,2011-11-23
스마트솔루션즈,136510,2011-11-18
에이티세미콘,089530,2011-11-11
테크윙,089030,2011-11-10
씨큐브,101240,2011-11-08
에스엠코어,007820,2011-11-08
씨엔플러스,115530,2011-11-02
로보스타,090360,2011-10-17
대한과학,131220,2011-10-11
아이디스,143160,2011-09-26
제이씨케미칼,137950,2011-08-08
아이씨디,040910,2011-08-05
제닉,123330,2011-08-03
시티랩스,139050,2011-07-29
상아프론테크,089980,2011-07-21
나이벡,138610,2011-07-13
옵티시스,109080,2011-07-12
대양전기공업,108380,2011-07-08
서연탑메탈,019770,2011-06-24
넥스트아이,137940,2011-06-14
초록뱀이앤엠,131100,2011-06-14
엘아이에스,138690,2011-06-02
KX,122450,2011-05-25
골프존뉴딘홀딩스,121440,2011-05-20
윈스,136540,2011-05-02
하림,136480,2011-05-02
이퓨쳐,134060,2011-04-27
티케이케미칼,104480,2011-04-26
부스타,008470,2011-02-23
나노신소재,121600,2011-02-09
케이아이엔엑스,093320,2011-02-08
티피씨글로벌,130740,2011-02-08
딜리,131180,2011-01-31
엘비세미콘,061970,2011-01-31
제이엔케이히터,126880,2011-01-31
블루콤,033560,2011-01-26
인트론바이오,048530,2011-01-26
커넥트웨이브,119860,2011-01-24
알서포트,131370,2011-01-05
인텍플러스,064290,2011-01-05
티에스이,131290,2011-01-05
이브이첨단소재,131400,2010-12-27
대정화금,120240,2010-12-20
피제이메탈,128660,2010-12-13
옵투스제약,131030,2010-12-03
에이루트,096690,2010-12-01
티비씨,033830,2010-11-29
시그네틱스,033170,2010-11-26
한국전자인증,041460,2010-11-19
BGF에코머티리얼즈,126600,2010-11-12
디케이락,105740,2010-11-12
위메이드플레이,123420,2010-11-10
KH 전자,111870,2010-11-05
아나패스,123860,2010-11-05
KNN,058400,2010-11-03
누리플랜,069140,2010-10-26
아이텍,119830,2010-10-26
인화정공,101930,2010-10-22
지나인제약,078650,2010-10-22
셀피글로벌,068940,2010-10-19
한일진공,123840,2010-10-05
알파홀딩스,117670,2010-09-17
포메탈,119500,2010-09-17
다원시스,068240,2010-09-14
씨젠,096530,2010-09-10
와이솔,122990,2010-09-10
하이비젼시스템,126700,2010-09-10
화신정공,126640,2010-08-31
코리아에프티,123410,2010-08-27
엠에스오토텍,123040,2010-08-06
이글루,067920,2010-08-04
인터로조,119610,2010-07-28
하이텍팜,106190,2010-07-28
크루셜텍,114120,2010-07-21
에스디시스템,121890,2010-07-16
알톤스포츠,123750,2010-07-02
유비벨록스,089850,2010-06-18
오르비텍,046120,2010-06-15
엑스큐어,070300,2010-06-09
투비소프트,079970,2010-06-01
인피니트헬스케어,071200,2010-05-26
서진오토모티브,122690,2010-05-25
인지소프트,100030,2010-05-25
이스트아시아홀딩스,900110,2010-04-23
애머릿지,900100,2010-04-21
케이씨에스,115500,2010-04-14
씨케이에이치,900120,2010-03-31
HLB테라퓨틱스,115450,2010-03-26
삼기,122350,2010-03-19
이미지스,115610,2010-02-26
인포바인,115310,2010-02-09
하이소닉,106080,2010-02-09
모베이스,101330,2010-02-04
스타플렉스,115570,2010-01-27
우리넷,115440,2010-01-27
아세아텍,050860,2010-01-26
폴라리스우노,114630,2010-01-15
코디,080530,2010-01-05
글로벌에스엠,900070,2009-12-23
ITX-AI,099520,2009-12-22
KPX생명과학,114450,2009-12-22
디와이피엔에프,104460,2009-12-22
멜파스,096640,2009-12-18
위메이드,112040,2009-12-18
셀바스AI,108860,2009-12-10
이원컴포텍,088290,2009-12-01
강원에너지,114190,2009-11-20
휴맥스,115160,2009-11-16
에이프로젠 H&G,109960,2009-11-13
동방선기,099410,2009-11-10
상상인인더스트리,101000,2009-11-06
진매트릭스,109820,2009-11-06
비츠로셀,082920,2009-10-28
한스바이오메드,042520,2009-10-09
NHN벅스,104200,2009-10-06
아이앤씨,052860,2009-10-06
케이엔더블유,105330,2009-09-29
디에스케이,109740,2009-09-23
제넥신,095700,2009-09-15
톱텍,108230,2009-09-15
동국S&C,100130,2009-08-31
에스앤더블류,103230,2009-08-05
컴투스홀딩스,063080,2009-07-30
동일금속,109860,2009-07-28
어보브반도체,102120,2009-06-05
위메이드맥스,101730,2009-06-03
이엔에프테크놀로지,102710,2009-05-28
스맥,099440,2009-05-26
SDN,099220,2009-05-19
한국정밀기계,101680,2009-05-19
흥국,010240,2009-05-12
우림피티에스,101170,2009-04-28
티플랙스,081150,2009-04-23
에스티오,098660,2009-04-17
에이테크솔루션,071670,2009-04-17
에스앤에스텍,101490,2009-04-14
뷰웍스,100120,2009-04-10
코오롱생명과학,102940,2009-04-07
엔시트론,101400,2009-03-31
파인테크닉스,106240,2009-03-16
이수앱지스,086890,2009-02-03
대성파인텍,104040,2009-01-23
유비쿼스홀딩스,078070,2009-01-23
메디톡스,086900,2009-01-16
엠게임,058630,2008-12-19
아이컴포넌트,059100,2008-12-16
HLB생명과학,067630,2008-11-25
이크레더블,092130,2008-10-24
세운메디칼,100700,2008-09-30
마이크로컨텍솔,098120,2008-09-23
이엠앤아이,083470,2008-09-18
삼강엠앤티,100090,2008-08-01
아이엠,101390,2008-07-23
웰크론한텍,076080,2008-07-18
하이드로리튬,101670,2008-07-15
슈프리마에이치큐,094840,2008-07-11
서울옥션,063170,2008-07-01
이스트소프트,047560,2008-07-01
크레버스,096240,2008-06-27
월덱스,101160,2008-06-19
쎄트렉아이,099320,2008-06-13
브리지텍,064480,2008-06-04
고영,098460,2008-06-03
조이시티,067000,2008-05-30
우진비앤지,018620,2008-05-20
테스,095610,2008-05-20
예스24,053280,2008-05-07
엘디티,096870,2008-05-02
메타바이오메드,059210,2008-04-15
효성오앤비,097870,2008-04-08
텔레필드,091440,2008-02-01
이트론,096040,2008-01-25
에스맥,097780,2008-01-23
에스코넥,096630,2007-12-26
일신바이오,068330,2007-12-26
서원인텍,093920,2007-12-20
이씨에스,067010,2007-12-18
대창솔루션,096350,2007-12-17
아이에스이커머스,069920,2007-12-05
알에프세미,096610,2007-11-20
디엔에프,092070,2007-11-16
일진파워,094820,2007-11-06
비엠티,086670,2007-11-02
이엠코리아,095190,2007-10-29
현우산업,092300,2007-10-24
다믈멀티미디어,093640,2007-10-19
에스에너지,095910,2007-10-16
성우전자,081580,2007-10-12
엘엠에스,073110,2007-10-12
제이엠티,094970,2007-10-12
오디텍,080520,2007-10-08
ISC,095340,2007-10-01
네오티스,085910,2007-10-01
미래나노텍,095500,2007-10-01
상보,027580,2007-10-01
바이오톡스텍,086040,2007-09-21
옴니시스템,057540,2007-09-19
푸른기술,094940,2007-09-14
웨이브일렉트로,095270,2007-09-12
빅솔론,093190,2007-08-20
S&K폴리텍,091340,2007-07-30
율호,072770,2007-07-25
갤럭시아머니트리,094480,2007-07-20
에코프로,086520,2007-07-20
엠피대산,065150,2007-07-18
컴투스,078340,2007-07-06
네오위즈,095660,2007-07-02
앤씨앤,092600,2007-06-26
엔텔스,069410,2007-06-20
풍강,093380,2007-06-01
동국제약,086450,2007-05-29
케이프,064820,2007-05-29
상신이디피,091580,2007-05-23
한라IMS,092460,2007-05-22
에프알텍,073540,2007-05-18
이엠텍,091120,2007-05-02
참좋은여행,094850,2007-04-30
네오리진,094860,2007-04-16
이베스트투자증권,078020,2007-02-21
매커스,093520,2007-02-12
오스템임플란트,048260,2007-02-07
나노캠텍,091970,2007-01-30
네오팜,092730,2007-01-30
비에이치,090460,2007-01-26
오스코텍,039200,2007-01-17
켐트로닉스,089010,2007-01-17
제이스텍,090470,2007-01-10
동아엘텍,088130,2007-01-03
휴온스글로벌,084110,2006-12-19
케이씨티,089150,2006-12-13
파트론,091700,2006-12-13
유니테스트,086390,2006-12-05
휴림로봇,090710,2006-12-05
에스에이티,060540,2006-11-28
큐에스아이,066310,2006-11-24
멀티캠퍼스,067280,2006-11-16
코세스,089890,2006-11-08
성창오토텍,080470,2006-11-03
넥스턴바이오,089140,2006-11-01
제이티,089790,2006-10-27
아이윈,090150,2006-10-20
이녹스,088390,2006-10-20
THE E&M,089230,2006-10-10
바텍,043150,2006-09-29
MDS테크,086960,2006-09-26
루멘스,038060,2006-08-08
CSA 코스믹,083660,2006-07-25
티엘아이,062860,2006-07-25
한국전자금융,063570,2006-07-14
쇼박스,086980,2006-07-07
팬엔터테인먼트,068050,2006-07-07
루트로닉,085370,2006-07-04
인포뱅크,039290,2006-07-04
아이오케이,078860,2006-06-27
동우팜투테이블,088910,2006-06-23
제이브이엠,054950,2006-06-07
팅크웨어,084730,2006-05-19
진바이오텍,086060,2006-04-28
TKG애강,022220,2006-04-11
에이스테크,088800,2006-03-27
셀트리온제약,068760,2006-02-03
GST,083450,2006-02-01
에너토크,019990,2006-02-01
제우스,079370,2006-02-01
뉴프렉스,085670,2006-01-17
유진테크,084370,2006-01-17
크리스탈지노믹스,083790,2006-01-06
바이오니아,064550,2005-12-29
헬릭스미스,084990,2005-12-29
인콘,083640,2005-12-27
차바이오텍,085660,2005-12-27
대봉엘에스,078140,2005-12-23
와이엔텍,067900,2005-12-23
케이엠,083550,2005-12-20
수성샐바시온,084180,2005-12-16
엠피씨플러스,050540,2005-12-12
모다이노칩,080420,2005-12-06
비에이치아이,083650,2005-12-02
케스피온,079190,2005-11-29
비보존 제약,082800,2005-11-18
자연과환경,043910,2005-11-18
와토스코리아,079000,2005-11-15
폴라리스오피스,041020,2005-10-28
디아크,078590,2005-10-27
서린바이오,038070,2005-10-25
가비아,079940,2005-10-19
덕산하이메탈,077360,2005-10-14
아바코,083930,2005-10-11
하나마이크론,067310,2005-10-11
엘오티베큠,083310,2005-10-05
코스나인,082660,2005-10-05
이상네트웍스,080010,2005-09-30
아리온,058220,2005-08-05
메디포스트,078160,2005-07-29
우리바이오,082850,2005-07-29
모두투어,080160,2005-07-26
가온미디어,078890,2005-07-12
쏠리드,050890,2005-07-08
옵트론텍,082210,2005-06-24
젬백스,082270,2005-06-24
플랜티넷,075130,2005-06-10
이노와이어리스,073490,2005-02-04
인베니아,079950,2005-02-04
동양이엔피,079960,2005-02-01
제주반도체,080220,2005-02-01
한창산업,079170,2005-02-01
디이엔티,079810,2005-01-26
에스엔유,080000,2005-01-25
iMBC,052220,2005-01-21
서산,079650,2005-01-21
KX하이텍,052900,2005-01-18
손오공,066910,2005-01-07
미래컴퍼니,049950,2005-01-04
아이크래프트,052460,2005-01-03
메가스터디,072870,2004-12-21
케이에스피,073010,2004-12-17
KG모빌리언스,046440,2004-12-14
대주전자재료,078600,2004-12-10
텔레칩스,054450,2004-12-10
HB테크놀러지,078150,2004-12-08
도이치모터스,067990,2004-12-03
토비스,051360,2004-11-19
제넨바이오,072520,2004-10-29
국일제지,078130,2004-10-22
DMS,068790,2004-10-01
코드네이처,078940,2004-08-27
시너지이노베이션,048870,2004-08-13
신성델타테크,065350,2004-08-06
한국경제TV,039340,2004-07-30
다날,064260,2004-07-23
형지I&C,011080,2004-07-02
비케이홀딩스,050090,2004-06-29
코엔텍,029960,2004-06-18
YBM넷,057030,2004-06-08
CS,065770,2004-06-04
아미노로직스,074430,2004-06-04
테라젠이텍스,066700,2004-05-27
디에이피,066900,2004-05-14
한양디지텍,078350,2004-05-14
동국알앤에스,075970,2004-02-13
라이트론,069540,2004-02-13
듀오백,073190,2004-02-06
삼진엘앤디,054090,2004-02-06
에스텍파마,041910,2004-02-06
세진티에스,067770,2004-01-09
한솔인티큐브,070590,2004-01-08
어반리튬,073570,2004-01-06
테라사이언스,073640,2004-01-06
우주일렉트로,065680,2004-01-02
피에이치씨,057880,2003-12-29
드림어스컴퍼니,060570,2003-12-19
버킷스튜디오,066410,2003-12-19
아프리카TV,067160,2003-12-19
원익QnC,074600,2003-12-12
로체시스템즈,071280,2003-11-14
에스텍,069510,2003-11-14
오텍,067170,2003-11-14
키이스트,054780,2003-11-14
현대에버다임,041440,2003-11-14
중앙백신,072020,2003-10-31
휴비츠,065510,2003-10-31
우리산업홀딩스,072470,2003-10-28
디지털대성,068930,2003-10-17
코스온,069110,2003-10-14
유아이디,069330,2003-08-18
티씨케이,064760,2003-08-18
아모텍,052710,2003-08-01
웰크론,065950,2003-07-29
파워로직스,047310,2003-07-25
코원플레이,056000,2003-07-11
이라이콤,041520,2003-07-04
녹원씨엔아이,065560,2003-07-01
홈캐스트,064240,2003-06-11
씨씨에스,066790,2003-05-30
웹젠,069080,2003-05-23
대화제약,067080,2003-02-14
우수AMS,066590,2003-02-12
JW신약,067290,2003-02-11
하츠,066130,2003-02-11
SBS콘텐츠허브,046140,2003-02-05
빅텍,065450,2003-02-05
탑엔지니어링,065130,2003-01-29
이루온,065440,2003-01-28
재영솔루텍,049630,2003-01-24
한국큐빅,021650,2003-01-24
인터플렉스,051370,2003-01-22
메디프론,065650,2003-01-21
삼영이엔씨,065570,2003-01-21
이엔코퍼레이션,066980,2003-01-17
리더스코스메틱,016100,2003-01-15
케이피엠테크,042040,2003-01-07
엘앤에프,066970,2003-01-02
디스플레이텍,066670,2002-12-30
와이오엠,066430,2002-12-24
초록뱀미디어,047820,2002-12-24
에프앤리퍼블릭,064090,2002-12-17
쎌바이오텍,049960,2002-12-13
NE능률,053290,2002-12-10
테크엘,064520,2002-12-04
KG이니시스,035600,2002-11-22
비엘팜텍,065170,2002-11-19
파라다이스,034230,2002-11-05
플래스크,041590,2002-11-01
새로닉스,042600,2002-10-01
오리엔트정공,065500,2002-09-19
대한그린파워,060900,2002-09-17
국보디자인,066620,2002-09-05
아이톡시,052770,2002-08-22
에스아이리소스,065420,2002-08-22
젬백스링크,064800,2002-08-22
리노스,039980,2002-08-13
현대바이오,048410,2002-08-08
에스피지,058610,2002-07-23
토탈소프트,045340,2002-07-19
서호전기,065710,2002-07-16
파커스,065690,2002-07-16
서울리거,043710,2002-07-11
홈센타홀딩스,060560,2002-07-11
아비코전자,036010,2002-07-03
큐렉소,060280,2002-07-03
소니드,060230,2002-06-25
우원개발,046940,2002-06-18
티사이언티픽,057680,2002-06-18
인선이엔티,060150,2002-06-14
와이어블,065530,2002-06-04
SM Life Design,063440,2002-05-30
지어소프트,051160,2002-05-28
지엔코,065060,2002-05-28
셀루메드,049180,2002-05-23
KH바텍,060720,2002-05-21
알에프텍,061040,2002-05-16
에스폴리텍,050760,2002-05-16
이랜텍,054210,2002-05-09
ES큐브,050120,2002-04-25
케이피티유,054410,2002-04-25
3S,060310,2002-04-23
화일약품,061250,2002-04-18
오상자이엘,053980,2002-04-09
농우바이오,054050,2002-04-02
케이엘넷,039420,2002-03-12
에스티아이,039440,2002-02-28
잉크테크,049550,2002-02-28
대한뉴팜,054670,2002-02-26
씨티씨바이오,060590,2002-02-21
인탑스,049070,2002-02-21
KT서브마린,060370,2002-02-15
피씨디렉트,051380,2002-02-15
구영테크,053270,2002-02-07
한국기업평가,034950,2002-02-07
뉴보텍,060260,2002-02-05
동양에스텍,060380,2002-02-05
백금T&A,046310,2002-02-05
파나케이아,058530,2002-02-05
고려신용정보,049720,2002-01-31
제일바이오,052670,2002-01-24
서울반도체,046890,2002-01-17
아가방컴퍼니,013990,2002-01-17
일야,058450,2002-01-17
미코,059090,2002-01-15
유신,054930,2002-01-15
프럼파스트,035200,2002-01-15
한국컴퓨터,054040,2002-01-15
대동스틸,048470,2002-01-10
링네트,042500,2002-01-10
제이웨이,058420,2002-01-10
큐로컴,040350,2002-01-10
팬스타엔터프라이즈,054300,2002-01-10
한빛소프트,047080,2002-01-10
NHN한국사이버결제,060250,2002-01-08
CNT85,056730,2002-01-04
금강철강,053260,2002-01-04
룽투코리아,060240,2002-01-04
동아화성,041930,2001-12-26
비츠로시스,054220,2001-12-26
오리엔탈정공,014940,2001-12-26
크로바하이텍,043590,2001-12-20
리노공업,058470,2001-12-18
성우테크론,045300,2001-12-18
에스에프에이,056190,2001-12-18
신화인터텍,056700,2001-12-13
엑사이엔씨,054940,2001-12-13
피에이치에이,043370,2001-12-13
APS홀딩스,054620,2001-12-04
코위버,056360,2001-12-04
성호전자,043260,2001-11-29
MIT,038340,2001-11-22
YW,051390,2001-11-15
삼영엠텍,054540,2001-11-15
이니텍,053350,2001-11-15
에이디칩스,054630,2001-11-13
유진로봇,056080,2001-11-13
태웅,044490,2001-11-08
경남제약,053950,2001-11-06
삼보모터스,053700,2001-11-06
한컴위드,054920,2001-11-01
코미팜,041960,2001-10-30
프리엠스,053160,2001-10-30
코나아이,052400,2001-10-18
메디콕스,054180,2001-10-16
SGA,049470,2001-10-11
엑서지21,043090,2001-10-11
지에스이,053050,2001-10-11
아이디스홀딩스,054800,2001-09-27
코데즈컴바인,047770,2001-09-18
안랩,053800,2001-09-13
YTN,040300,2001-09-04
CMG제약,058820,2001-08-31
JYP Ent.,035900,2001-08-30
한국테크놀로지,053590,2001-08-23
KCC건설,021320,2001-08-21
세동,053060,2001-08-17
프로텍,053610,2001-08-17
액토즈소프트,052790,2001-08-14
세코닉스,053450,2001-08-09
바이넥스,053030,2001-08-07
오성첨단소재,052420,2001-08-07
태양,053620,2001-08-07
유아이엘,049520,2001-08-02
초록뱀컴퍼니,052300,2001-08-02
대원미디어,048910,2001-07-31
중앙디앤엠,051980,2001-07-31
CJ프레시웨이,051500,2001-07-26
파인디앤씨,049120,2001-07-26
디지아이,043360,2001-07-20
코텍,052330,2001-07-10
한네트,052600,2001-07-10
에스티큐브,052020,2001-07-05
티에스넥스젠,043220,2001-07-03
스카이문스테크놀로지,033790,2001-06-26
큐로홀딩스,051780,2001-06-26
나라엠앤디,051490,2001-06-12
에코바이오,038870,2001-05-29
에이텍,045660,2001-05-24
대아티아이,045390,2001-05-17
캠시스,050110,2001-05-17
현대바이오랜드,052260,2001-05-17
SFA반도체,036540,2001-05-02
삼표시멘트,038500,2001-02-01
SM C&C,048550,2001-01-18
승일,049830,2001-01-18
조광ILI,044060,2001-01-18
피에스엠씨,024850,2001-01-18
TPC,048770,2001-01-16
코메론,049430,2001-01-16
블레이드 Ent,044480,2001-01-11
삼화네트웍스,046390,2001-01-11
성광벤드,014620,2001-01-11
유라테크,048430,2001-01-11
삼현철강,017480,2001-01-09
오픈베이스,049480,2001-01-09
KCI,036670,2001-01-03
라온시큐어,042510,2001-01-03
오로라,039830,2001-01-03
금화피에스시,036190,2000-12-26
코다코,046070,2000-12-26
인바디,041830,2000-12-14
고려제약,014570,2000-12-07
크린앤사이언스,045520,2000-12-05
포스코 ICT,022100,2000-11-28
KD,044180,2000-11-16
이글벳,044960,2000-11-16
아즈텍WB,032080,2000-10-26
오리콤,010470,2000-10-24
위닉스,044340,2000-10-24
상지카일룸,042940,2000-10-19
엔피케이,048830,2000-10-12
삼천당제약,000250,2000-10-04
에이치케이,044780,2000-09-07
정원엔시스,045510,2000-09-07
한양이엔지,045100,2000-08-31
누리플렉스,040160,2000-08-29
에쎈테크,043340,2000-08-29
국순당,043650,2000-08-24
엘컴텍,037950,2000-08-24
이오테크닉스,039030,2000-08-24
상상인,038540,2000-08-18
서울제약,018680,2000-08-18
나노엔텍,039860,2000-08-16
파나진,046210,2000-08-16
오공,045060,2000-08-10
솔고바이오,043100,2000-08-08
비츠로테크,042370,2000-08-03
코아시아,045970,2000-08-03
정상제이엘에스,040420,2000-08-01
진양제약,007370,2000-07-27
지니뮤직,043610,2000-07-20
진성티이씨,036890,2000-07-20
현대에이치티,039010,2000-07-20
삼아제약,009300,2000-07-19
파루,043200,2000-07-19
에스씨디,042110,2000-07-13
한국정보공학,039740,2000-07-06
디오,039840,2000-06-29
네오위즈홀딩스,042420,2000-06-27
다산네트웍스,039560,2000-06-22
바이오스마트,038460,2000-06-22
우리기술,032820,2000-06-22
안국약품,001540,2000-06-15
골드퍼시픽,038530,2000-06-09
세중,039310,2000-06-09
우리기술투자,041190,2000-06-09
HRS,036640,2000-05-30
에스에이엠티,031330,2000-05-23
NICE평가정보,030190,2000-05-16
위즈코프,038620,2000-05-04
이건홀딩스,039020,2000-05-04
파인디지털,038950,2000-05-04
나이스정보통신,036800,2000-05-03
SG&G,040610,2000-04-27
아이에이,038880,2000-04-27
에스넷,038680,2000-04-27
에스엠,041510,2000-04-27
쌍용정보통신,010280,2000-04-14
쎄니트,037760,2000-04-07
대성미생물,036480,2000-04-04
에코플라스틱,038110,2000-03-23
케이엠더블유,032500,2000-03-21
화성밸브,039610,2000-03-16
경남스틸,039240,2000-03-07
마크로젠,038290,2000-02-22
희림,037440,2000-02-03
레드캡투어,038390,2000-02-01
솔브레인홀딩스,036830,2000-01-18
에프에스티,036810,2000-01-18
코맥스,036690,2000-01-18
EG,037370,2000-01-11
감성코퍼레이션,036620,2000-01-11
성도이엔지,037350,2000-01-11
제일테크노스,038010,2000-01-11
무림SP,001810,2000-01-04
세종텔레콤,036630,2000-01-04
심텍홀딩스,036710,2000-01-04
파세코,037070,2000-01-04
SGC이테크건설,016250,1999-12-28
영풍정밀,036560,1999-12-28
서희건설,035890,1999-12-24
주성엔지니어링,036930,1999-12-24
케이티알파,036030,1999-12-24
다우데이타,032190,1999-12-21
동진쎄미켐,005290,1999-12-21
선광,003100,1999-12-21
제이에스티나,026040,1999-12-21
지더블유바이텍,036180,1999-12-21
클라우드에어,036170,1999-12-21
한국팩키지,037230,1999-12-21
삼지전자,037460,1999-12-16
우리엔터프라이즈,037400,1999-12-16
네패스,033640,1999-12-14
인지디스플레,037330,1999-12-14
위지트,036090,1999-12-10
유니셈,036200,1999-12-10
유성티엔에스,024800,1999-12-10
코리아나,027050,1999-12-10
SCI평가정보,036120,1999-12-07
골드앤에스,035290,1999-12-07
서울전자통신,027040,1999-12-03
대성창투,027830,1999-11-30
예림당,036000,1999-11-30
CJ ENM,035760,1999-11-23
이지홀딩스,035810,1999-11-23
기산텔레콤,035460,1999-11-18
바른손이앤에이,035620,1999-08-13
솔본,035610,1999-08-13
시공테크,020710,1999-08-13
신일제약,012790,1999-08-13
조아제약,034940,1999-08-13
인성정보,033230,1999-07-30
그래디언트,035080,1999-07-05
동국산업,005160,1999-06-25
매일홀딩스,005990,1999-05-14
해성산업,034810,1999-04-16
한국정보통신,025770,1998-01-20
파라텍,033540,1997-12-26
동성화인텍,033500,1997-12-19
드래곤플라이,030350,1997-11-10
엠케이전자,033160,1997-11-10
엠투엔,033310,1997-11-10
제이씨현시스템,033320,1997-11-10
포스코엠텍,009520,1997-11-10
스페코,013810,1997-11-03
좋은사람들,033340,1997-11-03
모아텍,033200,1997-10-13
코웰패션,033290,1997-10-13
코콤,015710,1997-09-30
제룡전기,033100,1997-08-18
제이엠아이,033050,1997-08-18
디지틀조선,033130,1997-08-06
바이온,032980,1997-08-06
와이지-원,019210,1997-08-06
특수건설,026150,1997-08-06
아이즈비전,031310,1997-07-25
동일기연,032960,1997-07-18
소프트센,032680,1997-07-18
원익,032940,1997-07-18
원풍물산,008290,1997-07-18
삼진,032750,1997-07-14
비트컴퓨터,032850,1997-07-04
휴먼엔,032860,1997-07-04
비엔지티,032790,1997-06-26
판타지오,032800,1997-06-26
유비케어,032620,1997-05-02
피델릭스,032580,1997-04-22
TJ미디어,032540,1997-04-16
휴맥스홀딩스,028080,1997-04-16
삼일,032280,1997-03-15
뉴인텍,012340,1997-02-12
오스템,031510,1997-02-12
엔에스엔,031860,1997-01-07
피에스케이홀딩스,031980,1997-01-07
세보엠이씨,011560,1996-12-23
한일단조,024740,1996-11-29
양지사,030960,1996-10-24
원익홀딩스,030530,1996-09-24
한글과컴퓨터,030520,1996-09-24
메이슨캐피탈,021880,1996-09-02
광무,029480,1996-08-27
대호특수강,021040,1996-08-27
HLB,028300,1996-07-27
팜스토리,027710,1996-07-06
삼보판지,023600,1996-05-29
삼목에스폼,018310,1996-05-03
에이스침대,003800,1996-05-03
원익큐브,014190,1996-04-26
리드코프,012700,1996-01-19
유니슨,018000,1996-01-10
아난티,025980,1996-01-06
광진실업,026910,1996-01-03
인터엠,017250,1996-01-03
성우하이텍,015750,1995-11-04
대신정보통신,020180,1995-10-06
서부T&D,006730,1995-10-06
동신건설,025950,1995-08-07
동화기업,025900,1995-08-07
신라에스지,025870,1995-07-07
케이씨피드,025880,1995-07-07
한탑,002680,1995-07-07
한국선재,025550,1995-06-19
대성엘텍,025440,1995-05-22
시노펙스,025320,1995-04-20
PN풍년,024940,1995-01-04
삼천리자전거,024950,1995-01-04
메디앙스,014100,1995-01-03
KBI메탈,024840,1994-12-29
경창산업,024910,1994-12-29
대륙제관,004780,1994-12-29
동원개발,013120,1994-12-29
세원물산,024830,1994-12-29
이화전기,024810,1994-12-29
케이피에프,024880,1994-12-29
KB오토시스,024120,1994-12-07
신원종합개발,017000,1994-12-07
흥구석유,024060,1994-12-07
대한약품,023910,1994-11-23
이화공영,001840,1994-11-23
풍국주정,023900,1994-11-23
대림제지,017650,1994-11-07
대한광통신,010170,1994-11-07
동일철강,023790,1994-11-07
플레이위드,023770,1994-11-07
한국캐피탈,023760,1994-11-07
한일사료,005860,1994-11-07
모베이스전자,012860,1994-10-26
CNH,023460,1994-10-07
국영지앤엠,006050,1994-10-07
유진기업,023410,1994-10-07
제이스코홀딩스,023440,1994-10-07
보성파워텍,006910,1994-09-07
브이티지엠피,018290,1994-09-07
태광,023160,1994-09-07
영신금속,007530,1994-08-05
신라섬유,001000,1994-06-28
원일특강,012620,1994-06-28
서한,011370,1994-05-24
바른손,018700,1994-03-18
부방,014470,1994-02-25
대명소노시즌,007720,1994-01-06
CBI,013720,1993-12-29
대양제지,006580,1993-12-29
유니크,011320,1993-12-29
진로발효,018120,1993-12-29
삼보산업,009620,1993-12-07
푸드웰,005670,1993-12-07
푸른저축은행,007330,1993-12-07
피제이전자,006140,1993-12-07
베뉴지,019010,1993-11-05
엠에스씨,009780,1993-10-12
대동금속,020400,1993-07-30
광림,014200,1993-07-07
대원산업,005710,1993-06-21
큐캐피탈,016600,1993-06-21
한국가구,004590,1993-06-03
디모아,016670,1993-04-21
중앙에너비스,000440,1993-03-24
삼륭물산,014970,1992-12-29
경동제약,011040,1992-12-18
원풍,008370,1992-12-18
네이처셀,007390,1992-11-30
삼일기업공사,002290,1992-11-30
일지테크,019540,1992-11-03
한일화학,007770,1992-09-07
한국알콜,017890,1992-08-04
대주산업,003310,1992-08-01
글로본,019660,1992-06-04
세명전기,017510,1991-12-26
에이티넘인베스트,021080,1991-07-12
대동기어,008830,1991-05-17
피에스텍,002230,1991-01-04
코센,009730,1990-07-27
카스,016920,1990-01-04
하이록코리아,013030,1989-12-15
SBI인베스트먼트,019550,1989-09-06
리더스 기술투자,019570,1989-03-14
엠벤처투자,019590,1989-03-14
모헨즈,006920,1989-01-05
