,단축코드,한글 종목약명,상장일
0,095570,AJ네트웍스,2015/08/21
1,006840,AK홀딩스,1999/08/11
2,282330,BGF리테일,2017/12/08
3,027410,BGF,2014/05/19
4,138930,BNK금융지주,2011/03/30
5,001465,BYC우,1989/09/05
6,001460,BYC,1975/06/02
7,001045,CJ우,1989/08/18
8,00104K,CJ4우(전환),2019/08/09
9,001040,CJ,1973/06/29
10,011155,CJ씨푸드1우,1990/01/13
11,011150,CJ씨푸드,1988/11/26
12,000590,CS홀딩스,1975/12/22
13,012030,DB,1993/01/06
14,016610,DB금융투자,1988/06/27
15,005830,DB손해보험,1973/06/28
16,000995,DB하이텍1우,2007/05/21
17,000990,DB하이텍,1975/12/12
18,139130,DGB금융지주,2011/06/07
19,001530,DI동일,1964/01/04
20,000215,DL우,1989/08/21
21,001880,DL건설,1977/12/22
22,000210,DL,1976/02/02
23,37550K,DL이앤씨우,2021/01/25
24,37550L,DL이앤씨2우(전환),2022/04/28
25,375500,DL이앤씨,2021/01/25
26,155660,DSR,2013/05/15
27,069730,DSR제강,2003/01/28
28,017940,E1,1997/08/27
29,365550,ESR켄달스퀘어리츠,2020/12/23
30,383220,F&F,2021/05/21
31,007700,F&F홀딩스,1984/10/04
32,078935,GS우,2004/08/05
33,006360,GS건설,1981/08/03
34,078930,GS,2004/08/05
35,012630,HDC,1996/10/16
36,294870,HDC현대산업개발,2018/06/12
37,097230,HJ중공업,2007/08/31
38,014790,HL D&I,1994/08/12
39,204320,HL만도,2014/10/06
40,060980,HL홀딩스,2010/05/19
41,003560,IHQ,1973/12/18
42,175330,JB금융지주,2013/07/18
43,234080,JW생명과학,2016/10/27
44,001065,JW중외제약우,1994/10/21
45,001067,JW중외제약2우B,1998/04/13
46,001060,JW중외제약,1976/06/14
47,096760,JW홀딩스,2007/07/31
48,105560,KB금융,2008/10/10
49,432320,KB스타리츠,2022/10/06
50,009070,KCTC,1978/09/29
51,016380,KG스틸,1986/02/03
52,001390,KG케미칼,1989/08/25
53,033180,KH 필룩스,2001/12/26
54,001940,KISCO홀딩스,1989/11/13
55,025000,KPX케미칼,1994/12/27
56,092230,KPX홀딩스,2006/10/12
57,000040,KR모터스,1976/05/25
58,093050,LF,2006/12/01
59,003555,LG우,1988/11/18
60,034220,LG디스플레이,2004/07/23
61,003550,LG,1970/02/13
62,051905,LG생활건강우,2001/04/25
63,051900,LG생활건강,2001/04/25
64,373220,LG에너지솔루션,2022/01/27
65,032640,LG유플러스,2008/04/21
66,011070,LG이노텍,2008/07/24
67,066575,LG전자우,2002/04/22
68,066570,LG전자,2002/04/22
69,051915,LG화학우,2001/04/25
70,051910,LG화학,2001/04/25
71,079550,LIG넥스원,2015/10/02
72,010120,LS ELECTRIC,1994/07/11
73,000680,LS네트웍스,1973/11/15
74,006260,LS,1977/06/30
75,108320,LX세미콘,2022/11/03
76,001120,LX인터내셔널,1976/01/30
77,023150,MH에탄올,1996/12/24
78,035420,NAVER,2008/11/28
79,181710,NHN,2013/08/29
80,338100,NH프라임리츠,2019/12/05
81,034310,NICE,2004/02/04
82,008260,NI스틸,1975/06/28
83,004255,NPC우,1990/01/15
84,004250,NPC,1969/09/08
85,010060,OCI,1985/07/09
86,010955,S-Oil우,1992/05/28
87,010950,S-Oil,1987/05/27
88,005090,SGC에너지,1993/01/06
89,001380,SG글로벌,1976/06/29
90,001770,SHD,1988/11/23
91,002360,SH에너지화학,1985/12/23
92,009160,SIMPAC,1989/07/29
93,123700,SJM,2010/05/31
94,025530,SJM홀딩스,1997/02/12
95,03473K,SK우,2015/08/17
96,011790,SKC,1997/07/18
97,018670,SK가스,1997/08/27
98,001745,SK네트웍스우,1989/12/21
99,001740,SK네트웍스,1977/06/30
100,210980,SK디앤디,2015/06/23
101,395400,SK리츠,2021/09/14
102,034730,SK,2009/11/11
103,402340,SK스퀘어,2021/11/29
104,361610,SK아이이테크놀로지,2021/05/11
105,096775,SK이노베이션우,2007/07/25
106,096770,SK이노베이션,2007/07/25
107,001515,SK증권우,1989/08/29
108,001510,SK증권,1986/09/20
109,28513K,SK케미칼우,2018/01/05
110,285130,SK케미칼,2018/01/05
111,017670,SK텔레콤,1989/11/07
112,003570,SNT다이내믹스,1976/07/08
113,064960,SNT모티브,2002/03/11
114,100840,SNT에너지,2008/02/22
115,036530,SNT홀딩스,2002/10/22
116,005610,SPC삼립,1975/05/02
117,011810,STX,1990/09/12
118,077970,STX엔진,2004/05/10
119,071970,STX중공업,2009/05/15
120,084870,TBH글로벌,2005/12/19
121,002710,TCC스틸,1984/12/21
122,024070,WISCOM,1996/11/22
123,000500,가온전선,1987/06/08
124,000860,강남제비스코,1975/11/12
125,035250,강원랜드,2003/09/04
126,011420,갤럭시아에스엠,1989/11/14
127,002100,경농,1977/06/30
128,009450,경동나비엔,1993/08/31
129,267290,경동도시가스,2017/05/12
130,012320,경동인베스트,1997/03/07
131,000050,경방,1956/03/03
132,214390,경보제약,2015/06/29
133,012610,경인양행,1995/10/05
134,009140,경인전자,1989/06/20
135,013580,계룡건설,1996/01/30
136,012205,계양전기우,1989/08/02
137,012200,계양전기,1988/07/06
138,002140,고려산업,1991/01/14
139,010130,고려아연,1990/07/28
140,002240,고려제강,1976/05/25
141,009290,광동제약,1989/11/17
142,017040,광명전기,1990/09/14
143,017900,광전자,1996/10/16
144,037710,광주신세계,2002/02/07
145,030610,교보증권,2002/07/18
146,339770,교촌에프앤비,2020/11/12
147,007690,국도화학,1989/08/05
148,005320,국동,1996/12/24
149,001140,국보,1989/12/02
150,002720,국제약품,1975/12/27
151,114090,GKL,2009/11/19
152,083420,그린케미칼,2005/10/20
153,014530,극동유화,1991/01/31
154,014285,금강공업우,1989/07/31
155,014280,금강공업,1988/09/10
156,008870,금비,1990/06/08
157,001570,금양,1976/12/17
158,002995,금호건설우,1988/10/06
159,002990,금호건설,1976/06/26
160,011785,금호석유우,1988/10/20
161,011780,금호석유,1988/01/22
162,214330,금호에이치티,2015/11/11
163,001210,금호전기,1973/11/15
164,073240,금호타이어,2005/02/17
165,092440,기신정기,2007/10/30
166,000270,기아,1973/07/21
167,013700,까뮤이앤씨,1989/11/30
168,004545,깨끗한나라우,1988/11/21
169,004540,깨끗한나라,1975/06/25
170,001260,남광토건,1976/12/28
171,008355,남선알미우,1989/12/23
172,008350,남선알미늄,1978/05/22
173,004270,남성,1989/11/14
174,003925,남양유업우,1988/06/20
175,003920,남양유업,1978/06/24
176,025860,남해화학,1995/11/10
177,005725,넥센우,1989/09/23
178,005720,넥센,1987/12/19
179,002355,넥센타이어1우B,1999/06/08
180,002350,넥센타이어,1976/05/19
181,251270,넷마블,2017/05/12
182,090355,노루페인트우,2006/07/03
183,090350,노루페인트,2006/07/03
184,000325,노루홀딩스우,1989/01/21
185,000320,노루홀딩스,1973/08/10
186,006280,녹십자,1989/08/01
187,005257,녹십자홀딩스2우,1997/03/19
188,005250,녹십자홀딩스,1978/08/28
189,004370,농심,1976/06/30
190,072710,농심홀딩스,2003/07/30
191,058730,다스코,2004/08/02
192,030210,다올투자증권,1996/11/19
193,023590,다우기술,1997/08/27
194,145210,다이나믹디자인,2015/03/19
195,019680,대교,2004/02/03
196,019685,대교우B,2004/02/03
197,006370,대구백화점,1988/10/10
198,00806K,대덕1우,2018/12/19
199,008060,대덕,1989/01/26
200,353200,대덕전자,2020/05/21
201,35320K,대덕전자1우,2020/05/21
202,000490,대동,1975/06/27
203,008110,대동전자,1990/06/05
204,005750,대림B&Co,1992/12/23
205,006570,대림통상,1975/11/20
206,001685,대상우,1989/11/21
207,001680,대상,1970/04/01
208,084695,대상홀딩스우,2005/08/17
209,084690,대상홀딩스,2005/08/17
210,128820,대성산업,2010/07/30
211,117580,대성에너지,2010/12/24
212,016710,대성홀딩스,1999/12/22
213,003545,대신증권우,1988/09/01
214,003547,대신증권2우B,2007/11/09
215,003540,대신증권,1975/10/01
216,009190,대양금속,1994/04/29
217,014160,대영포장,1990/03/06
218,047040,대우건설,2001/03/23
219,009320,대우부품,1989/08/25
220,042660,대우조선해양,2001/02/02
221,003090,대웅,1973/06/26
222,069620,대웅제약,2002/11/01
223,000430,대원강업,1977/06/22
224,006345,대원전선우,1989/06/21
225,006340,대원전선,1988/05/04
226,003220,대원제약,1999/12/15
227,024890,대원화성,1997/10/28
228,002880,대유에이텍,1977/02/18
229,000300,대유플러스,1975/06/09
230,015230,대창단조,1989/07/25
231,012800,대창,1989/12/05
232,001070,대한방직,1973/12/28
233,006650,대한유화,1999/08/11
234,001440,대한전선,1968/12/27
235,084010,대한제강,2005/10/31
236,001795,대한제당우,1995/01/21
237,001790,대한제당,1968/12/27
238,001130,대한제분,1970/11/25
239,003495,대한항공우,1990/03/31
240,003490,대한항공,1966/03/18
241,005880,대한해운,1992/04/23
242,003830,대한화섬,1985/12/23
243,016090,대현,1990/09/20
244,069460,대호에이엘,2002/11/11
245,192080,더블유게임즈,2019/03/12
246,012510,더존비즈온,1988/10/28
247,004835,덕성우,1989/12/19
248,004830,덕성,1987/09/25
249,024900,덕양산업,1997/06/23
250,145720,덴티움,2017/03/15
251,002150,도화엔지니어링,2010/08/12
252,001230,동국제강,1988/05/09
253,004140,동방,1988/08/10
254,007590,동방아그로,1977/06/29
255,005965,동부건설우,1990/06/21
256,005960,동부건설,1978/10/30
257,026960,동서,2016/07/15
258,002210,동성제약,1990/01/19
259,102260,동성케미컬,2008/06/23
260,000640,동아쏘시오홀딩스,1970/02/10
261,170900,동아에스티,2013/04/08
262,028100,동아지질,2009/06/12
263,282690,동아타이어,2017/11/29
264,001525,동양우,1989/09/30
265,001527,동양2우B,1999/01/28
266,084670,동양고속,2005/07/25
267,001520,동양,1976/06/25
268,082640,동양생명,2009/10/08
269,008970,동양철관,1977/03/05
270,092780,동양피스톤,2017/12/08
271,049770,동원F&B,2000/11/23
272,018500,동원금속,1995/11/10
273,006040,동원산업,1989/03/07
274,030720,동원수산,1996/11/22
275,014825,동원시스템즈우,1995/01/21
276,014820,동원시스템즈,1994/03/29
277,163560,동일고무벨트,2012/10/19
278,004890,동일산업,2005/06/30
279,002690,동일제강,2015/09/24
280,000020,동화약품,1976/03/24
281,000155,두산우,1986/07/31
282,000157,두산2우B,1999/12/03
283,241560,두산밥캣,2016/11/18
284,000150,두산,1973/06/29
285,034020,두산에너빌리티,2000/10/25
286,33626K,두산퓨얼셀1우,2019/10/18
287,33626L,두산퓨얼셀2우B,2019/10/18
288,336260,두산퓨얼셀,2019/10/18
289,016740,두올,2016/07/29
290,192650,드림텍,2019/03/14
291,024090,디씨엠,1999/08/18
292,003160,디아이,1996/07/31
293,092200,디아이씨,2007/10/18
294,004840,DRB동일,1976/05/21
295,377190,디앤디플랫폼리츠,2021/08/27
296,007340,DN오토모티브,1988/09/24
297,013570,디와이,1989/05/30
298,210540,디와이파워,2015/01/15
299,115390,락앤락,2010/01/28
300,032350,롯데관광개발,2006/06/08
301,089860,롯데렌탈,2021/08/19
302,330590,롯데리츠,2019/10/30
303,000400,롯데손해보험,1971/04/16
304,023530,롯데쇼핑,2006/02/09
305,004000,롯데정밀화학,1976/04/15
306,286940,롯데정보통신,2018/07/27
307,280360,롯데제과,2017/10/30
308,00499K,롯데지주우,2017/10/30
309,004990,롯데지주,1974/02/16
310,005305,롯데칠성우,1989/09/21
311,005300,롯데칠성,1973/06/21
312,011170,롯데케미칼,1991/05/30
313,071840,롯데하이마트,2011/06/29
314,027740,마니커,2002/10/29
315,357430,마스턴프리미어리츠,2022/05/31
316,001080,만호제강,1977/06/18
317,088980,맥쿼리인프라,2006/03/15
318,138040,메리츠금융지주,2011/05/13
319,008560,메리츠증권,1992/01/15
320,090370,메타랩스,2006/12/26
321,017180,명문제약,2008/07/10
322,009900,명신산업,2020/12/07
323,012690,모나리자,1988/10/14
324,005360,모나미,1974/06/26
325,204210,모두투어리츠,2016/09/22
326,009680,모토닉,1994/01/14
327,009200,무림페이퍼,1990/06/09
328,009580,무림P&P,1989/06/20
329,033920,무학,2010/07/20
330,008420,문배철강,1994/11/05
331,025560,미래산업,1996/11/22
332,007120,미래아이앤지,1999/11/26
333,396690,미래에셋글로벌리츠,2021/12/03
334,357250,미래에셋맵스리츠,2020/08/05
335,094800,맵스리얼티1,2007/04/09
336,085620,미래에셋생명,2015/07/08
337,006805,미래에셋증권우,1989/04/08
338,00680K,미래에셋증권2우B,2018/03/14
339,006800,미래에셋증권,1975/09/30
340,002840,미원상사,1989/09/25
341,268280,미원에스씨,2017/05/22
342,107590,미원홀딩스,2009/03/02
343,134380,미원화학,2011/02/15
344,003650,미창석유,1989/09/27
345,155900,바다로19호,2012/06/29
346,377740,바이오노트,2022/12/22
347,003610,방림,1989/05/30
348,001340,백광산업,1976/06/10
349,035150,백산,1999/08/11
350,002410,범양건영,1988/05/25
351,007210,벽산,1972/01/04
352,002760,보락,1989/11/30
353,003850,보령,1988/10/24
354,000890,보해양조,1988/09/23
355,003000,부광약품,1988/08/05
356,001275,부국증권우,1989/11/10
357,001270,부국증권,1988/07/19
358,026940,부국철강,2008/10/14
359,011390,부산산업,1990/09/14
360,005030,부산주공,1975/12/26
361,002070,비비안,1976/07/13
362,100220,비상교육,2008/06/30
363,030790,비케이탑스,2010/11/02
364,005180,빙그레,1978/08/31
365,003960,사조대림,1976/09/16
366,008040,사조동아원,1989/06/24
367,007160,사조산업,1989/07/25
368,014710,사조씨푸드,2012/06/29
369,006090,사조오양,1986/12/24
370,001470,삼부토건,1976/06/26
371,006405,삼성SDI우,1989/11/24
372,006400,삼성SDI,1979/02/27
373,006660,삼성공조,1987/11/28
374,02826K,삼성물산우B,2015/09/15
375,028260,삼성물산,2014/12/18
376,207940,삼성바이오로직스,2016/11/10
377,032830,삼성생명,2010/05/12
378,018260,삼성에스디에스,2014/11/14
379,028050,삼성엔지니어링,1996/12/24
380,009155,삼성전기우,1989/10/10
381,009150,삼성전기,1979/02/27
382,005935,삼성전자우,1989/09/25
383,005930,삼성전자,1975/06/11
384,001360,삼성제약,1975/07/04
385,010145,삼성중공우,1994/11/22
386,010140,삼성중공업,1994/01/28
387,016360,삼성증권,1988/03/28
388,068290,삼성출판사,2002/08/05
389,029780,삼성카드,2007/06/27
390,000815,삼성화재우,1990/04/10
391,000810,삼성화재,1975/06/30
392,006110,삼아알미늄,1980/12/05
393,145995,삼양사우,2011/12/05
394,145990,삼양사,2011/12/05
395,003230,삼양식품,1975/06/30
396,002170,삼양통상,1989/11/10
397,272550,삼양패키징,2017/11/29
398,000075,삼양홀딩스우,1992/02/21
399,000070,삼양홀딩스,1968/12/27
400,002810,삼영무역,1988/03/28
401,005680,삼영전자,1976/12/28
402,003720,삼영화학,1976/06/30
403,023000,삼원강재,2011/07/22
404,004380,삼익THK,1989/09/26
405,002450,삼익악기,1988/09/30
406,004440,삼일씨엔에스,2016/03/30
407,000520,삼일제약,1985/05/29
408,009770,삼정펄프,2006/10/17
409,005500,삼진제약,1988/06/18
410,004690,삼천리,1976/12/23
411,010960,삼호개발,2005/05/12
412,004450,삼화왕관,1976/05/28
413,009470,삼화전기,1986/11/24
414,011230,삼화전자,1987/05/25
415,001820,삼화콘덴서,1976/06/26
416,000390,삼화페인트,1993/09/10
417,001290,상상인증권,1988/09/23
418,041650,상신브레이크,2004/10/27
419,075180,새론오토모티브,2005/10/21
420,007540,샘표,1976/06/29
421,248170,샘표식품,2016/08/09
422,007860,서연,1989/09/09
423,200880,서연이화,2014/08/08
424,017390,서울가스,1995/08/18
425,004415,서울식품우,1989/05/22
426,004410,서울식품,1973/12/28
427,021050,서원,1996/01/30
428,008490,서흥,1990/03/27
429,007610,선도전기,1989/11/30
430,002820,SUN&L,1976/05/22
431,136490,선진,2011/02/16
432,014915,성문전자우,1990/03/24
433,014910,성문전자,1990/03/24
434,003080,성보화학,1976/12/23
435,004985,성신양회우,1988/12/21
436,004980,성신양회,1976/06/30
437,011300,성안,1995/11/10
438,000180,성창기업지주,1976/06/02
439,002420,세기상사,1968/12/27
440,004365,세방우,1989/10/21
441,004360,세방,1977/05/19
442,004490,세방전지,1987/11/28
443,001430,세아베스틸지주,1991/03/12
444,306200,세아제강,2018/10/05
445,003030,세아제강지주,1969/05/13
446,019440,세아특수강,2011/06/01
447,058650,세아홀딩스,2001/07/30
448,013000,세우글로벌,1989/09/05
449,091090,세원이앤씨,2006/07/31
450,021820,세원정공,1996/07/03
451,067830,세이브존I&C,2002/07/25
452,033530,세종공업,2002/09/25
453,075580,세진중공업,2015/11/30
454,027970,세하,1996/07/03
455,308170,센트랄모텍,2019/11/25
456,068270,셀트리온,2018/02/09
457,33637K,솔루스첨단소재1우,2019/10/18
458,33637L,솔루스첨단소재2우B,2019/10/18
459,336370,솔루스첨단소재,2019/10/18
460,248070,솔루엠,2021/02/02
461,004430,송원산업,1977/06/25
462,126720,수산인더스트리,2022/08/01
463,017550,수산중공업,1991/08/30
464,026890,스틱인베스트먼트,1997/11/25
465,134790,시디즈,2011/01/25
466,016590,신대양제지,1995/12/21
467,029530,신도리코,1996/12/24
468,004970,신라교역,1976/06/30
469,011930,신성이엔지,1996/07/31
470,005390,신성통상,1975/12/22
471,034300,신세계건설,2002/06/17
472,004170,신세계,1985/08/19
473,035510,신세계 I&C,2006/05/18
474,031430,신세계인터내셔날,2011/07/14
475,031440,신세계푸드,2010/04/29
476,006880,신송홀딩스,2013/11/21
477,005800,신영와코루,1976/12/28
478,001725,신영증권우,1988/08/16
479,001720,신영증권,1987/08/24
480,009270,신원,1988/08/24
481,002700,신일전자,1975/09/30
482,002870,신풍,1976/06/30
483,019175,신풍제약우,1990/01/20
484,019170,신풍제약,1990/01/20
485,055550,신한지주,2001/09/10
486,404990,신한서부티엔디리츠,2021/12/10
487,293940,신한알파리츠,2018/08/08
488,004080,신흥,1991/02/08
489,102280,쌍방울,2008/06/10
490,003410,쌍용C&E,1975/05/03
491,003620,쌍용차,1975/05/29
492,004770,써니전자,1987/04/22
493,015540,쎌마테라퓨틱스,1989/09/02
494,403550,쏘카,2022/08/22
495,004920,씨아이테크,1989/11/30
496,112610,씨에스윈드,2014/11/27
497,000120,CJ대한통운,1956/07/02
498,079160,CJ CGV,2004/12/24
499,097955,CJ제일제당 우,2007/09/28
500,097950,CJ제일제당,2007/09/28
501,008700,아남전자,1984/08/11
502,002795,아모레G우,1989/06/30
503,00279K,아모레G3우(전환),2019/12/26
504,002790,아모레G,1973/04/30
505,090435,아모레퍼시픽우,2006/06/29
506,090430,아모레퍼시픽,2006/06/29
507,002030,아세아,1974/06/03
508,183190,아세아시멘트,2013/11/06
509,002310,아세아제지,1988/12/15
510,012170,아센디오,1989/12/20
511,267850,아시아나IDT,2018/11/23
512,020560,아시아나항공,2008/03/28
513,122900,아이마켓코리아,2010/07/30
514,010780,아이에스동서,1986/01/27
515,139990,아주스틸,2021/08/20
516,001780,알루코,2007/06/07
517,018250,애경산업,2018/03/22
518,161000,애경케미칼,2012/09/17
519,011090,에넥스,1995/07/08
520,137310,에스디바이오센서,2021/07/16
521,034120,SBS,2003/06/25
522,005850,에스엘,1988/11/08
523,010580,에스엠벡셀,1994/12/27
524,012750,에스원,1996/01/30
525,004060,SG세계물산,1976/04/19
526,006125,SK디스커버리우,1989/11/24
527,006120,SK디스커버리,1976/06/29
528,068400,SK렌터카,2012/07/27
529,302440,SK바이오사이언스,2021/03/18
530,326030,SK바이오팜,2020/07/02
531,000660,SK하이닉스,1996/12/26
532,023960,에쓰씨엔지니어링,1997/06/23
533,298690,에어부산,2018/12/27
534,078520,에이블씨엔씨,2011/09/07
535,015260,에이엔피,1988/01/18
536,140910,에이리츠,2011/07/14
537,039570,HDC랩스,2015/09/24
538,089470,HDC현대EP,2006/09/25
539,267250,HD현대,2017/05/10
540,082740,HSD엔진,2011/01/04
541,003580,HLB글로벌,1990/03/23
542,011200,HMM,1995/10/05
543,003060,에이프로젠바이오로직스,1984/10/19
544,007460,에이프로젠,1995/07/08
545,244920,에이플러스에셋,2020/11/20
546,036570,엔씨소프트,2003/05/22
547,380440,엔에이치스팩19호,2021/05/21
548,400760,NH올원리츠,2021/11/18
549,005945,NH투자증권우,1988/09/13
550,005940,NH투자증권,1975/09/30
551,085310,엔케이,2008/01/24
552,900140,엘브이엠씨홀딩스,2010/11/30
553,229640,LS전선아시아,2016/09/22
554,108675,LX하우시스우,2009/04/20
555,108670,LX하우시스,2009/04/20
556,38380K,LX홀딩스1우,2021/05/27
557,383800,LX홀딩스,2021/05/27
558,037560,LG헬로비전,2012/11/09
559,097520,엠씨넥스,2021/07/06
560,014440,영보화학,1997/08/27
561,111770,영원무역,2009/07/30
562,009970,영원무역홀딩스,1988/11/07
563,003520,영진약품,1973/06/25
564,000670,영풍,1976/06/12
565,006740,영풍제지,1996/07/03
566,012280,영화금속,1990/01/25
567,012160,영흥,2010/01/25
568,015360,예스코홀딩스,1996/12/24
569,007310,오뚜기,1994/08/12
570,002630,오리엔트바이오,1976/12/28
571,271560,오리온,2017/07/07
572,001800,오리온홀딩스,1975/06/27
573,037270,YG PLUS,2003/08/01
574,011690,와이투솔루션,1995/12/21
575,316140,우리금융지주,2019/02/13
576,010050,우리종금,1974/09/11
577,006980,우성,1988/10/10
578,017370,우신시스템,2002/05/28
579,105840,우진,2010/07/26
580,010400,우진아이엔에스,2018/09/14
581,049800,우진플라임,2006/05/24
582,016880,웅진,1994/11/05
583,095720,웅진씽크빅,2007/05/31
584,005820,원림,1990/04/20
585,010600,웰바이오텍,1997/07/18
586,008600,윌비스,1989/07/28
587,014830,유니드,2004/12/03
588,446070,유니드비티플러스,2022/11/28
589,047400,유니온머티리얼,2009/09/29
590,000910,유니온,1996/07/03
591,011330,유니켐,1989/12/14
592,077500,유니퀘스트,2004/08/05
593,002920,유성기업,1988/10/10
594,000700,유수홀딩스,1956/03/03
595,003475,유안타증권우,1989/03/22
596,003470,유안타증권,1988/01/21
597,072130,유엔젤,2003/07/01
598,000225,유유제약1우,1990/01/05
599,000227,유유제약2우B,2000/06/20
600,000220,유유제약,1975/11/18
601,001200,유진투자증권,1987/08/24
602,000105,유한양행우,1995/02/21
603,000100,유한양행,1962/11/01
604,003465,유화증권우,1990/02/20
605,003460,유화증권,1987/08/24
606,008730,율촌화학,1988/08/30
607,008250,이건산업,1988/10/21
608,025820,이구산업,1995/08/18
609,214320,이노션,2015/07/17
610,088260,이리츠코크렙,2018/06/27
611,139480,이마트,2011/06/10
612,007660,이수페타시스,2003/10/07
613,005950,이수화학,1988/04/28
614,015020,이스타코,1988/12/23
615,093230,이아이디,2007/11/01
616,074610,이엔플러스,2003/12/23
617,102460,이연제약,2010/06/10
618,084680,이월드,2005/07/26
619,350520,이지스레지던스리츠,2020/08/05
620,334890,이지스밸류리츠,2020/07/16
621,000760,이화산업,1994/04/29
622,014990,인디에프,1989/06/20
623,101140,인바이오젠,2008/04/02
624,006490,인스코비,1985/01/17
625,023800,인지컨트롤스,1997/06/23
626,034590,인천도시가스,2006/11/07
627,129260,인터지스,2011/12/16
628,023810,인팩,2004/09/21
629,249420,일동제약,2016/08/31
630,000230,일동홀딩스,1975/06/28
631,013360,일성건설,1989/12/02
632,003120,일성신약,1985/01/14
633,003200,일신방직,1973/05/23
634,007110,일신석재,1986/03/04
635,007575,일양약품우,1989/12/21
636,007570,일양약품,1974/08/28
637,008500,일정실업,1994/08/12
638,081000,일진다이아,2004/12/22
639,020760,일진디스플,2002/01/09
640,020150,일진머티리얼즈,2011/03/04
641,103590,일진전기,2008/08/01
642,271940,일진하이솔루스,2021/09/01
643,015860,일진홀딩스,1990/03/22
644,226320,잇츠한불,2015/12/28
645,317400,자이에스앤디,2019/11/06
646,033240,자화전자,1999/01/06
647,000950,전방,1968/10/21
648,348950,제이알글로벌리츠,2020/08/07
649,194370,제이에스코퍼레이션,2016/02/04
650,025620,제이준코스메틱,1995/07/08
651,030000,제일기획,1998/03/03
652,271980,제일약품,2017/07/17
653,001560,제일연마,2005/12/09
654,002620,제일파마홀딩스,1988/01/20
655,006220,제주은행,1972/12/28
656,089590,제주항공,2015/11/06
657,004910,조광페인트,1976/12/27
658,004700,조광피혁,1977/05/27
659,001550,조비,1976/12/28
660,000480,조선내화,1978/06/30
661,120030,조선선재,2010/02/19
662,018470,조일알미늄,1988/11/22
663,002600,조흥,1976/12/23
664,063160,종근당바이오,2001/12/11
665,185750,종근당,2013/12/06
666,001630,종근당홀딩스,1976/06/30
667,070960,용평리조트,2016/05/27
668,023450,동남합성,1996/12/24
669,002380,KCC,1973/06/25
670,044380,주연테크,2006/11/15
671,024110,기업은행,2003/12/24
672,013890,지누스,2019/10/30
673,001250,GS글로벌,1976/06/26
674,007070,GS리테일,2011/12/23
675,013870,지엠비코리아,2012/11/20
676,071320,지역난방공사,2010/01/29
677,035000,지투알,1999/08/11
678,088790,진도,2006/03/28
679,003780,진양산업,1973/06/26
680,010640,진양폴리,1989/09/30
681,100250,진양홀딩스,2008/02/15
682,051630,진양화학,2001/01/29
683,272450,진에어,2017/12/08
684,011000,진원생명과학,1987/11/16
685,002785,진흥기업우B,2003/06/16
686,002787,진흥기업2우B,2006/12/05
687,002780,진흥기업,1977/06/25
688,009310,참엔지니어링,1987/11/12
689,000650,천일고속,1977/06/23
690,012600,청호ICT,1990/07/10
691,033250,체시스,1999/08/11
692,118000,초록뱀헬스케어,2009/12/30
693,323410,카카오뱅크,2021/08/06
694,035720,카카오,2017/07/10
695,377300,카카오페이,2021/11/03
696,006380,카프로,1974/05/28
697,109070,컨버즈,2009/03/17
698,001620,케이비아이동국실업,1990/09/15
699,009440,KC그린홀딩스,1994/11/05
700,029460,케이씨,1997/11/25
701,344820,KCC글라스,2020/01/21
702,119650,KC코트렐,2010/01/29
703,281820,케이씨텍,2017/12/05
704,044450,KSS해운,2007/10/26
705,092220,KEC,2006/10/16
706,381970,케이카,2021/10/13
707,145270,케이탑리츠,2012/01/31
708,030200,KT,1998/12/23
709,053210,스카이라이프,2011/06/03
710,058850,KTcs,2010/09/16
711,058860,KTis,2010/12/17
712,033780,KT&G,1999/10/08
713,417310,코람코더원리츠,2022/03/28
714,357120,코람코에너지리츠,2020/08/31
715,007815,코리아써우,1989/07/04
716,00781K,코리아써키트2우B,2013/06/17
717,007810,코리아써키트,1985/09/09
718,003690,코리안리,1969/12/22
719,192820,코스맥스,2014/04/07
720,044820,코스맥스비티아이,2006/11/13
721,005070,코스모신소재,1987/09/28
722,005420,코스모화학,1987/07/23
723,071950,코아스,2005/08/04
724,002025,코오롱우,1989/08/22
725,003075,코오롱글로벌우,1989/12/11
726,003070,코오롱글로벌,1978/09/15
727,45014K,코오롱모빌리티그룹우,2023/01/31
728,450140,코오롱모빌리티그룹,2023/01/31
729,002020,코오롱,1975/06/23
730,120115,코오롱인더우,2010/02/01
731,120110,코오롱인더,2010/02/01
732,138490,코오롱플라스틱,2011/06/15
733,021240,코웨이,2001/08/07
734,036420,콘텐트리중앙,2019/10/18
735,031820,콤텍시스템,1997/02/12
736,192400,쿠쿠홀딩스,2014/08/06
737,284740,쿠쿠홈시스,2018/01/11
738,015590,큐로,1989/05/27
739,26490K,크라운제과우,2017/04/11
740,264900,크라운제과,2017/04/11
741,005745,크라운해태홀딩스우,1994/11/22
742,005740,크라운해태홀딩스,1976/06/30
743,259960,크래프톤,2021/08/10
744,020120,키다리스튜디오,1996/07/03
745,039490,키움증권,2009/08/03
746,014580,태경비케이,1991/03/07
747,015890,태경산업,1996/01/30
748,006890,태경케미컬,2003/01/28
749,003240,태광산업,1975/12/27
750,011280,태림포장,1988/12/20
751,004105,태양금속우,1990/01/08
752,004100,태양금속,1976/05/25
753,009410,태영건설,1989/11/13
754,009415,태영건설우,1994/11/22
755,001420,태원물산,1975/06/24
756,007980,태평양물산,1994/12/27
757,055490,테이팩스,2017/10/31
758,078000,텔코웨어,2004/07/20
759,214420,토니모리,2015/07/10
760,019180,티에이치엔,1996/07/31
761,002900,TYM,1973/06/26
762,36328K,티와이홀딩스우,2020/09/22
763,363280,티와이홀딩스,2020/09/22
764,091810,티웨이항공,2018/08/01
765,004870,티웨이홀딩스,1977/06/30
766,069260,TKG휴켐스,2002/10/07
767,005690,파미셀,1988/05/20
768,036580,팜스코,1999/10/25
769,004720,팜젠사이언스,1990/06/15
770,028670,팬오션,2007/09/21
771,010820,퍼스텍,1989/05/10
772,016800,퍼시스,1996/12/24
773,001020,페이퍼코리아,1976/06/26
774,090080,평화산업,2006/06/02
775,010770,평화홀딩스,1986/03/31
776,058430,포스코스틸리온,2002/08/16
777,047050,포스코인터내셔널,2001/03/23
778,003670,포스코케미칼,2019/05/29
779,005490,POSCO홀딩스,1988/06/10
780,017810,풀무원,1995/10/05
781,103140,풍산,2008/07/30
782,005810,풍산홀딩스,1988/07/28
783,950210,프레스티지바이오파마,2021/02/05
784,009810,플레이그램,1988/08/31
785,178920,PI첨단소재,2021/08/09
786,086790,하나금융지주,2005/12/12
787,293480,하나제약,2018/10/02
788,039130,하나투어,2011/11/01
789,352820,하이브,2020/10/15
790,071090,하이스틸,2003/02/17
791,019490,하이트론,1998/11/04
792,000087,하이트진로2우B,2011/09/26
793,000080,하이트진로,2009/10/19
794,000145,하이트진로홀딩스우,1987/09/29
795,000140,하이트진로홀딩스,1973/09/19
796,036460,한국가스공사,1999/12/15
797,005430,한국공항,1976/12/28
798,010040,한국내화,2000/10/16
799,025540,한국단자,1996/10/16
800,004090,한국석유,1977/06/25
801,002200,한국수출포장,1974/06/28
802,002960,한국쉘석유,1988/08/10
803,000240,한국앤컴퍼니,1968/12/27
804,033270,유나이티드제약,2007/10/23
805,123890,한국자산신탁,2016/07/13
806,015760,한국전력,1989/08/10
807,052690,한전기술,2009/12/14
808,006200,한국전자홀딩스,1979/11/30
809,009540,한국조선해양,1999/08/24
810,023350,한국종합기술,2011/04/28
811,025890,한국주강,1997/07/18
812,000970,한국주철관,1969/12/12
813,104700,한국철강,2008/09/29
814,017960,한국카본,1995/07/08
815,161890,한국콜마,2012/10/19
816,024720,한국콜마홀딩스,2002/04/09
817,161390,한국타이어앤테크놀로지,2012/10/04
818,034830,한국토지신탁,2016/07/11
819,152550,한국ANKOR유전,2012/03/08
820,168490,한국패러랠,2013/04/19
821,071055,한국금융지주우,2003/07/21
822,071050,한국금융지주,2003/07/21
823,007280,한국특강,1989/11/13
824,010100,한국프랜지,1987/10/02
825,047810,한국항공우주,2011/06/30
826,123690,한국화장품,2010/06/01
827,003350,한국화장품제조,1978/02/06
828,011500,한농화성,2003/01/09
829,002390,한독,1976/06/30
830,053690,한미글로벌,2009/06/23
831,042700,한미반도체,2005/07/22
832,008930,한미사이언스,1988/06/20
833,128940,한미약품,2010/07/30
834,009240,한샘,2002/07/16
835,020000,한섬,1996/07/03
836,003680,한성기업,1989/01/26
837,105630,한세실업,2009/03/20
838,069640,한세엠케이,2011/06/21
839,016450,한세예스24홀딩스,2000/01/06
840,010420,한솔PNS,1989/05/31
841,009180,한솔로지스틱스,1989/11/13
842,213500,한솔제지,2015/01/26
843,014680,한솔케미칼,1989/05/20
844,004710,한솔테크닉스,1988/07/06
845,004150,한솔홀딩스,1972/05/17
846,025750,한솔홈데코,2003/11/04
847,004960,한신공영,1976/07/07
848,011700,한신기계,1987/07/24
849,001755,한양증권우,1989/10/24
850,001750,한양증권,1988/03/04
851,018880,한온시스템,1996/07/31
852,009420,한올바이오파마,1989/12/18
853,014130,한익스프레스,1989/07/25
854,300720,한일시멘트,2018/08/06
855,002220,한일철강,1988/10/07
856,006390,한일현대시멘트,1975/12/26
857,003300,한일홀딩스,1969/11/20
858,051600,한전KPS,2007/12/14
859,130660,한전산업,2010/12/16
860,002320,한진,1974/08/12
861,003480,한진중공업홀딩스,1956/03/03
862,18064K,한진칼우,2013/09/16
863,180640,한진칼,2013/09/16
864,005110,한창,1976/06/01
865,009460,한창제지,1987/12/23
866,372910,한컴라이프케어,2021/08/17
867,000885,한화우,1990/01/22
868,00088K,한화3우B,2016/10/19
869,000880,한화,1976/06/24
870,088350,한화생명,2010/03/17
871,000370,한화손해보험,1975/06/30
872,009835,한화솔루션우,1989/11/21
873,009830,한화솔루션,1974/06/19
874,272210,한화시스템,2019/11/13
875,012450,한화에어로스페이스,1987/05/27
876,003535,한화투자증권우,1989/05/06
877,003530,한화투자증권,1986/11/25
878,195870,해성디에스,2016/06/24
879,101530,해태제과식품,2016/05/11
880,143210,핸즈코퍼레이션,2016/12/02
881,000725,현대건설우,1989/09/21
882,267270,현대건설기계,2017/05/10
883,000720,현대건설,1984/12/22
884,005440,현대그린푸드,1989/08/22
885,086280,현대글로비스,2005/12/26
886,042670,현대두산인프라코어,2001/02/02
887,064350,현대로템,2013/10/30
888,079430,현대리바트,2005/11/22
889,012330,현대모비스,1989/09/05
890,010620,현대미포조선,1983/12/20
891,069960,현대백화점,2002/11/25
892,004565,현대비앤지스틸우,1989/08/31
893,004560,현대비앤지스틸,1987/03/24
894,004310,현대약품,1978/06/28
895,322000,현대에너지솔루션,2019/11/19
896,017800,현대엘리베이,1996/07/03
897,307950,현대오토에버,2019/03/28
898,011210,현대위아,2011/02/21
899,267260,현대일렉트릭,2017/05/10
900,005385,현대차우,1989/09/11
901,005387,현대차2우B,1998/12/02
902,005389,현대차3우B,1999/04/15
903,005380,현대차,1974/06/28
904,004020,현대제철,1987/05/23
905,329180,현대중공업,2021/09/17
906,001500,현대차증권,1990/06/09
907,011760,현대코퍼레이션,1977/12/01
908,227840,현대코퍼레이션홀딩스,2015/10/23
909,126560,현대퓨처넷,2010/12/23
910,001450,현대해상,1989/08/25
911,057050,현대홈쇼핑,2010/09/13
912,093240,형지엘리트,2009/09/28
913,003010,혜인,1988/09/20
914,111110,호전실업,2017/02/02
915,008775,호텔신라우,1991/08/09
916,008770,호텔신라,1991/03/12
917,002460,화성산업,1988/09/29
918,378850,화승알앤에이,2021/03/15
919,241590,화승엔터프라이즈,2016/10/04
920,006060,화승인더,1991/02/04
921,013520,화승코퍼레이션,1991/02/22
922,010690,화신,1994/01/14
923,133820,화인베스틸,2014/07/22
924,010660,화천기계,1988/12/12
925,000850,화천기공,1999/11/18
926,016580,환인제약,1996/07/03
927,032560,황금에스티,2009/10/29
928,004800,효성,1973/06/30
929,094280,효성ITX,2007/10/25
930,298040,효성중공업,2018/07/13
931,298050,효성첨단소재,2018/07/13
932,298020,효성티앤씨,2018/07/13
933,298000,효성화학,2018/07/13
934,093370,후성,2006/12/22
935,081660,휠라홀딩스,2010/09/28
936,005870,휴니드,1991/09/03
937,079980,휴비스,2012/02/23
938,005010,휴스틸,1973/06/29
939,000545,흥국화재우,1990/03/20
940,000547,흥국화재2우B,1999/08/09
941,000540,흥국화재,1974/12/05
942,003280,흥아해운,1976/06/29
0,098120,마이크로컨텍솔,2008/09/23
1,009520,포스코엠텍,1997/11/10
2,058820,CMG제약,2001/08/31
3,050120,ES큐브,2002/04/25
4,024120,KB오토시스,1994/12/07
5,044180,KD,2000/11/16
6,086960,MDS테크,2006/09/26
7,950110,SBI핀테크솔루션즈,2012/12/17
8,079940,가비아,2005/10/19
9,078890,가온미디어,2005/07/12
10,399720,가온칩스,2022/05/20
11,036620,감성코퍼레이션,2000/01/11
12,217730,강스템바이오텍,2015/12/21
13,114190,강원에너지,2009/11/20
14,094480,갤럭시아머니트리,2007/07/20
15,039240,경남스틸,2000/03/07
16,053950,경남제약,2001/11/06
17,011040,경동제약,1992/12/18
18,024910,경창산업,1994/12/29
19,198440,고려시멘트,2014/08/13
20,049720,고려신용정보,2002/01/31
21,014570,고려제약,2000/12/07
22,348150,고바이오랩,2020/11/18
23,098460,고영,2008/06/03
24,035290,골드앤에스,1999/12/07
25,038530,골드퍼시픽,2000/06/09
26,215000,골프존,2015/04/03
27,121440,골프존뉴딘홀딩스,2011/05/20
28,366030,공구우먼,2022/03/23
29,014200,광림,1993/07/07
30,029480,광무,1996/08/27
31,026910,광진실업,1996/01/03
32,355150,교보10호스팩,2020/09/18
33,397880,교보11호스팩,2021/12/20
34,421800,교보12호스팩,2022/06/24
35,440790,교보13호스팩,2022/11/02
36,053270,구영테크,2002/02/07
37,066620,국보디자인,2002/09/05
38,043650,국순당,2000/08/24
39,006050,국영지앤엠,1994/10/07
40,060480,국일신동,2014/12/29
41,078130,국일제지,2004/10/22
42,307750,국전약품,2018/12/19
43,035080,그래디언트,1999/07/05
44,900290,GRT,2016/10/25
45,204020,그리티,2018/07/23
46,186230,그린플러스,2019/08/07
47,083450,GST,2006/02/01
48,900070,글로벌에스엠,2009/12/23
49,204620,글로벌텍스프리,2014/11/19
50,019660,글로본,1992/06/04
51,053260,금강철강,2002/01/04
52,282720,금양그린파워,2023/03/13
53,036190,금화피에스시,2000/12/26
54,049080,기가레인,2013/12/19
55,035460,기산텔레콤,1999/11/18
56,308100,까스텔바작,2019/06/10
57,407400,꿈비,2023/02/09
58,187790,나노,2014/05/08
59,286750,나노브릭,2019/08/19
60,121600,나노신소재,2011/02/09
61,247660,나노씨엠에스,2021/03/09
62,039860,나노엔텍,2000/08/16
63,091970,나노캠텍,2007/01/30
64,417010,나노팀,2023/03/03
65,051490,나라엠앤디,2001/06/12
66,137080,나래나노텍,2022/02/08
67,190510,나무가,2015/11/12
68,242040,나무기술,2016/09/07
69,089600,나스미디어,2013/07/17
70,293580,나우IB,2018/10/04
71,138610,나이벡,2011/07/13
72,130580,나이스디앤비,2011/12/22
73,036800,나이스정보통신,2000/05/03
74,030190,NICE평가정보,2000/05/16
75,267320,나인테크,2017/06/22
76,111710,남화산업,2018/11/29
77,091590,남화토건,2012/01/31
78,168330,내츄럴엔도텍,2013/10/31
79,094860,네오리진,2007/04/16
80,253590,네오셈,2018/04/04
81,212560,네오오토,2015/11/18
82,095660,네오위즈,2007/07/02
83,042420,네오위즈홀딩스,2000/06/27
84,950220,네오이뮨텍,2021/03/16
85,311390,네오크레마,2019/08/22
86,085910,네오티스,2007/10/01
87,092730,네오팜,2007/01/30
88,290660,네오펙트,2018/11/28
89,306620,네온테크,2018/10/31
90,153460,네이블,2012/07/19
91,007390,네이처셀,1992/11/30
92,033640,네패스,1999/12/14
93,330860,네패스아크,2020/11/17
94,089140,넥스턴바이오,2006/11/01
95,137940,넥스트아이,2011/06/14
96,160550,NEW,2014/12/23
97,396270,넥스트칩,2022/07/01
98,348210,넥스틴,2020/10/08
99,225570,넥슨게임즈,2015/09/25
100,217270,넵튠,2015/06/18
101,104620,노랑풍선,2019/01/30
102,194700,노바렉스,2018/11/14
103,285490,노바텍,2018/11/02
104,106520,노블엠앤비,2012/07/13
105,376930,노을,2022/03/03
106,278650,노터스,2019/11/27
107,142280,녹십자엠에스,2014/12/17
108,234690,녹십자웰빙,2019/10/14
109,065560,녹원씨엔아이,2003/07/01
110,154030,아시아종묘,2018/02/12
111,054050,농우바이오,2002/04/02
112,069140,누리플랜,2010/10/26
113,040160,누리플렉스,2000/08/29
114,332290,누보,2019/10/11
115,348340,뉴로메카,2022/11/04
116,060260,뉴보텍,2002/02/05
117,012340,뉴인텍,1997/02/12
118,214870,뉴지랩파마,2015/10/13
119,270870,뉴트리,2018/12/13
120,144960,뉴파워프라즈마,2016/11/30
121,085670,뉴프렉스,2006/01/17
122,064260,다날,2004/07/23
123,093640,다믈멀티미디어,2007/10/19
124,340360,다보링크,2019/12/19
125,039560,다산네트웍스,2000/06/22
126,298870,다올인베스트먼트,2021/12/16
127,032190,다우데이타,1999/12/21
128,068240,다원시스,2010/09/14
129,020400,대동금속,1993/07/30
130,008830,대동기어,1991/05/17
131,048470,대동스틸,2002/01/10
132,004780,대륙제관,1994/12/29
133,017650,대림제지,1994/11/07
134,007720,대명소노시즌,1994/01/06
135,389260,대명에너지,2022/05/16
136,317850,대모,2019/07/24
137,290670,대보마그네틱,2018/11/06
138,078140,대봉엘에스,2005/12/23
139,036480,대성미생물,2000/04/04
140,027830,대성창투,1999/11/30
141,104040,대성파인텍,2009/01/23
142,129920,대성하이텍,2022/08/22
143,426670,대신밸런스제12호스팩,2022/07/14
144,438220,대신밸런스제13호스팩,2022/11/28
145,442310,대신밸런스제14호스팩,2022/12/05
146,020180,대신정보통신,1995/10/06
147,045390,대아티아이,2001/05/17
148,108380,대양전기공업,2011/07/08
149,006580,대양제지,1993/12/29
150,007680,대원,2017/12/01
151,048910,대원미디어,2001/07/31
152,005710,대원산업,1993/06/21
153,290380,대유,2018/08/10
154,290120,대유에이피,2018/12/07
155,120240,대정화금,2010/12/20
156,003310,대주산업,1992/08/01
157,078600,대주전자재료,2004/12/10
158,096350,대창솔루션,2007/12/17
159,140520,대창스틸,2014/12/05
160,131220,대한과학,2011/10/11
161,010170,대한광통신,1994/11/07
162,060900,대한그린파워,2002/09/17
163,054670,대한뉴팜,2002/02/26
164,023910,대한약품,1994/11/23
165,021040,대호특수강,1996/08/27
166,021045,대호특수강우,2001/09/13
167,067080,대화제약,2003/02/14
168,161570,THE MIDONG,2013/11/13
169,298540,더네이쳐홀딩스,2020/07/27
170,393890,더블유씨피,2022/09/30
171,299170,더블유에스아이,2018/09/21
172,089230,THE E&M,2006/10/10
173,224060,더코디,2015/12/29
174,213420,덕산네오룩스,2015/02/06
175,317330,덕산테코피아,2019/08/02
176,077360,덕산하이메탈,2005/10/14
177,090410,덕신하우징,2014/08/01
178,263600,덕우전자,2017/08/28
179,194480,데브시스터즈,2014/10/06
180,263800,데이타솔루션,2017/08/03
181,206560,덱스터,2015/12/22
182,261200,덴티스,2017/06/26
183,067990,도이치모터스,2004/12/03
184,006620,동구바이오제약,2018/02/13
185,005160,동국산업,1999/06/25
186,075970,동국알앤에스,2004/02/13
187,100130,동국S&C,2009/08/31
188,086450,동국제약,2007/05/29
189,099410,동방선기,2009/11/10
190,033500,동성화인텍,1997/12/19
191,025950,동신건설,1995/08/07
192,088130,동아엘텍,2007/01/03
193,041930,동아화성,2001/12/26
194,060380,동양에스텍,2002/02/05
195,079960,동양이엔피,2005/02/01
196,228340,동양파일,2016/04/06
197,088910,동우팜투테이블,2006/06/23
198,094170,동운아나텍,2015/06/30
199,013120,동원개발,1994/12/29
200,109860,동일금속,2009/07/28
201,032960,동일기연,1997/07/18
202,023790,동일철강,1994/11/07
203,005290,동진쎄미켐,1999/12/21
204,025900,동화기업,1995/08/07
205,131970,두산테스나,2013/10/22
206,073190,듀오백,2004/02/06
207,030350,드래곤플라이,1997/11/10
208,203650,드림시큐리티,2014/10/13
209,223250,드림씨아이에스,2020/05/22
210,060570,드림어스컴퍼니,2003/12/19
211,217620,디딤이앤에프,2015/06/10
212,016670,디모아,1993/04/21
213,187870,디바이스이엔지,2017/12/20
214,404950,DB금융스팩10호,2022/01/20
215,367340,DB금융스팩8호,2020/12/09
216,367360,DB금융스팩9호,2021/03/16
217,066670,디스플레이텍,2002/12/30
218,110990,디아이티,2018/08/07
219,078590,디아크,2005/10/27
220,263690,디알젬,2018/11/22
221,214680,디알텍,2015/04/20
222,263720,디앤씨미디어,2017/08/01
223,376300,디어유,2021/11/10
224,241520,DSC인베스트먼트,2016/12/19
225,141020,디에스앤엘,2013/01/29
226,109740,디에스케이,2009/09/23
227,025440,DH오토웨어,1995/05/22
228,196490,디에이테크놀로지,2014/11/19
229,066900,디에이피,2004/05/14
230,180400,DXVX,2015/11/20
231,127120,디엔에이링크,2011/12/26
232,092070,디엔에프,2007/11/16
233,068790,DMS,2004/10/01
234,039840,디오,2000/06/29
235,219550,디와이디,2015/07/22
236,310870,디와이씨,2018/12/20
237,104460,디와이피엔에프,2009/12/22
238,079810,디이엔티,2005/01/26
239,113810,디젠스,2012/11/22
240,043360,디지아이,2001/07/20
241,197140,디지캡,2018/09/07
242,068930,디지털대성,2003/10/17
243,033130,디지틀조선,1997/08/06
244,105740,디케이락,2010/11/12
245,263020,디케이앤디,2018/11/20
246,290550,디케이티,2018/12/21
247,187220,디티앤씨,2014/12/17
248,383930,디티앤씨알오,2022/11/11
249,131180,딜리,2011/01/31
250,315640,딥노이드,2021/08/17
251,317120,라닉스,2019/09/18
252,042510,라온시큐어,2001/01/03
253,232680,라온테크,2021/06/17
254,418420,라온텍,2023/03/09
255,300120,라온피플,2019/10/18
256,171120,라이온켐텍,2013/11/19
257,388790,라이콤,2021/09/03
258,069540,라이트론,2004/02/13
259,347700,라이프시맨틱스,2021/03/23
260,214260,라파스,2019/11/11
261,200350,래몽래인,2021/12/30
262,171010,램테크놀러지,2013/11/18
263,084650,랩지노믹스,2014/12/16
264,217500,러셀,2015/06/16
265,141080,레고켐바이오,2013/05/10
266,038390,레드캡투어,2000/02/01
267,294140,레몬,2020/02/28
268,228670,레이,2019/08/08
269,228850,레이언스,2016/04/11
270,412350,레이저쎌,2022/06/24
271,281740,레이크머티리얼즈,2017/12/12
272,277810,레인보우로보틱스,2021/02/03
273,215100,로보로보,2015/04/22
274,090360,로보스타,2011/10/17
275,108490,로보티즈,2018/10/26
276,900260,로스웰,2016/06/30
277,067730,로지시스,2015/07/29
278,071280,로체시스템즈,2003/11/14
279,328130,루닛,2022/07/21
280,038060,루멘스,2006/08/08
281,085370,루트로닉,2006/07/04
282,08537M,루트로닉3우C,2016/12/15
283,060240,룽투코리아,2002/01/04
284,058470,리노공업,2001/12/18
285,039980,리노스,2002/08/13
286,019570,리더스 기술투자,1989/03/14
287,016100,리더스코스메틱,2003/01/15
288,012700,리드코프,1996/01/19
289,302550,리메드,2019/12/06
290,377450,리파인,2021/10/29
291,277070,린드먼아시아,2018/03/14
292,042500,링네트,2002/01/10
293,219420,링크제니시스,2018/02/05
294,195500,마니커에프앤지,2019/08/20
295,305090,마이크로디지탈,2019/06/05
296,147760,마이크로프랜드,2016/12/12
297,377480,마인즈랩,2021/11/23
298,169330,엠브레인,2020/07/01
299,038290,마크로젠,2000/02/22
300,267980,매일유업,2017/06/05
301,005990,매일홀딩스,1999/05/14
302,093520,매커스,2007/02/12
303,377030,맥스트,2021/07/27
304,100590,머큐리,2018/12/14
305,067280,멀티캠퍼스,2006/11/16
306,072870,메가스터디,2004/12/21
307,215200,메가스터디교육,2015/05/04
308,133750,메가엠디,2015/12/18
309,235980,메드팩토,2019/12/19
310,041920,메디아나,2014/10/07
311,014100,메디앙스,1995/01/03
312,054180,메디콕스,2001/10/16
313,086900,메디톡스,2009/01/16
314,078160,메디포스트,2005/07/29
315,065650,메디프론,2003/01/21
316,408920,메쎄이상,2022/03/07
317,021880,메이슨캐피탈,1996/09/02
318,140410,메지온,2012/01/20
319,241770,메카로,2017/12/06
320,059210,메타바이오메드,2008/04/15
321,058110,멕아이씨에스,2015/12/14
322,096640,멜파스,2009/12/18
323,257370,명성티엔에스,2018/09/13
324,080420,모다이노칩,2005/12/06
325,417970,모델솔루션,2022/10/07
326,080160,모두투어,2005/07/26
327,087260,모바일어플라이언스,2017/02/24
328,101330,모베이스,2010/02/04
329,012860,모베이스전자,1994/10/26
330,363260,모비데이즈,2021/02/10
331,348030,모비릭스,2021/01/28
332,250060,모비스,2016/09/08
333,288980,모아데이타,2022/03/10
334,033200,모아텍,1997/10/13
335,333050,모코엠시스,2019/10/31
336,118990,모트렉스,2017/08/04
337,006920,모헨즈,1989/01/05
338,038340,MIT,2001/11/22
339,001810,무림SP,2000/01/04
340,279600,미디어젠,2019/11/05
341,095500,미래나노텍,2007/10/01
342,254490,미래반도체,2023/01/27
343,218150,미래생명자원,2015/06/18
344,353490,미래에셋대우스팩 5호,2020/08/28
345,442900,미래에셋드림스팩1호,2023/03/15
346,100790,미래에셋벤처투자,2019/03/15
347,412930,미래에셋비전스팩1호,2022/04/21
348,446190,미래에셋비전스팩2호,2023/02/24
349,049950,미래컴퍼니,2005/01/04
350,207760,미스터블루,2014/12/12
351,059090,미코,2002/01/15
352,214610,미코바이오메드,2020/10/22
353,201490,미투온,2016/10/10
354,950190,미투젠,2020/08/18
355,206640,바디텍메드,2014/12/29
356,018700,바른손,1994/03/18
357,035620,바른손이앤에이,1999/08/13
358,053030,바이넥스,2001/08/07
359,301300,바이브컴퍼니,2020/10/28
360,064550,바이오니아,2005/12/29
361,314930,바이오다인,2021/03/17
362,208710,바이오로그디바이스,2014/12/24
363,086820,바이오솔루션,2018/08/20
364,038460,바이오스마트,2000/06/22
365,251120,바이오에프디엔씨,2022/02/21
366,199730,바이오인프라,2023/03/02
367,086040,바이오톡스텍,2007/09/21
368,099430,바이오플러스,2021/09/27
369,032980,바이온,1997/08/06
370,222160,바이옵트로,2021/11/18
371,308080,바이젠셀,2021/08/25
372,043150,바텍,2006/09/29
373,323990,박셀바이오,2020/09/22
374,267790,배럴,2018/02/01
375,046310,백금T&A,2002/02/05
376,331520,밸로프,2019/10/29
377,066410,버킷스튜디오,2003/12/19
378,382900,범한퓨얼셀,2022/06/17
379,206400,베노홀딩스,2014/12/10
380,019010,베뉴지,1993/11/05
381,177350,베셀,2015/06/19
382,299910,베스파,2018/12/03
383,225530,보광산업,2015/12/17
384,250000,보라티알,2017/06/08
385,310210,보로노이,2022/06/24
386,006910,보성파워텍,1994/09/07
387,226340,본느,2015/11/05
388,008470,부스타,2011/02/23
389,014470,부방,1994/02/25
390,338220,뷰노,2021/02/26
391,100120,뷰웍스,2009/04/10
392,337930,브랜드엑스코퍼레이션,2020/08/13
393,099390,브레인즈컴퍼니,2021/08/19
394,064480,브리지텍,2008/06/04
395,288330,브릿지바이오테라퓨틱스,2019/12/20
396,365900,브이씨,2022/02/24
397,251630,브이원텍,2017/07/13
398,018290,브이티지엠피,1994/09/07
399,044480,블레이드 Ent,2001/01/11
400,033560,블루콤,2011/01/26
401,369370,블리츠웨이,2020/12/23
402,126340,비나텍,2020/09/23
403,121800,비덴트,2011/12/01
404,148140,비디아이,2017/11/09
405,082800,비보존 제약,2005/11/18
406,318410,비비씨,2020/09/21
407,419540,비스토스,2022/10/18
408,146320,비씨엔씨,2022/03/03
409,200780,비씨월드제약,2014/12/15
410,141000,비아트론,2012/05/04
411,090460,비에이치,2007/01/26
412,083650,비에이치아이,2005/12/02
413,032790,비엔지티,1997/06/26
414,445360,비엔케이제1호스팩,2022/12/22
415,142760,비엘,2016/07/07
416,065170,비엘팜텍,2002/11/19
417,086670,비엠티,2007/11/02
418,335890,비올,2019/12/03
419,138580,비즈니스온,2017/11/30
420,126600,BGF에코머티리얼즈,2010/11/12
421,082920,비츠로셀,2009/10/28
422,054220,비츠로시스,2001/12/26
423,042370,비츠로테크,2000/08/03
424,050090,비케이홀딩스,2004/06/29
425,307870,비투엔,2018/12/12
426,357880,비트나인,2021/11/10
427,032850,비트컴퓨터,1997/07/04
428,148780,비플라이소프트,2022/06/20
429,238200,비피도,2018/12/26
430,093190,빅솔론,2007/08/20
431,065450,빅텍,2003/02/05
432,072950,빛샘전자,2012/03/21
433,143240,사람인에이치알,2012/02/21
434,419120,산돌,2022/10/27
435,122350,삼기,2010/03/19
436,419050,삼기이브이,2023/02/03
437,014970,삼륭물산,1992/12/29
438,018310,삼목에스폼,1996/05/03
439,053700,삼보모터스,2001/11/06
440,009620,삼보산업,1993/12/07
441,023600,삼보판지,1996/05/29
442,377630,삼성스팩4호,2021/05/21
443,425290,삼성스팩6호,2022/06/30
444,439250,삼성스팩7호,2022/10/26
445,448740,삼성스팩8호,2023/03/02
446,380320,삼성머스트스팩5호,2021/06/17
447,009300,삼아제약,2000/07/19
448,225190,삼양옵틱스,2017/06/02
449,060310,3S,2002/04/23
450,361670,삼영에스앤씨,2021/05/21
451,054540,삼영엠텍,2001/11/15
452,065570,삼영이엔씨,2003/01/21
453,032280,삼일,1997/03/15
454,002290,삼일기업공사,1992/11/30
455,037460,삼지전자,1999/12/16
456,032750,삼진,1997/07/14
457,054090,삼진엘앤디,2004/02/06
458,000250,삼천당제약,2000/10/04
459,024950,삼천리자전거,1995/01/04
460,038500,삼표시멘트,2001/02/01
461,017480,삼현철강,2001/01/09
462,046390,삼화네트웍스,2001/01/11
463,027580,상보,2007/10/01
464,038540,상상인,2000/08/18
465,101000,상상인인더스트리,2009/11/06
466,415580,상상인제3호스팩,2022/04/29
467,091580,상신이디피,2007/05/23
468,263810,상신전자,2017/10/16
469,089980,상아프론테크,2011/07/21
470,042940,상지카일룸,2000/10/19
471,042600,새로닉스,2002/10/01
472,107600,새빗켐,2022/08/04
473,411080,샌즈랩,2023/02/15
474,252990,샘씨엔에스,2021/05/20
475,378800,샤페론,2022/10/19
476,294630,서남,2020/02/20
477,038070,서린바이오,2005/10/25
478,006730,서부T&D,1995/10/06
479,079650,서산,2005/01/21
480,100660,서암기계공업,2011/12/19
481,019770,서연탑메탈,2011/06/24
482,043710,서울리거,2002/07/11
483,092190,서울바이오시스,2020/03/06
484,046890,서울반도체,2002/01/17
485,063170,서울옥션,2008/07/01
486,027040,서울전자통신,1999/12/03
487,018680,서울제약,2000/08/18
488,093920,서원인텍,2007/12/20
489,189860,서전기전,2014/12/24
490,178320,서진시스템,2017/03/27
491,122690,서진오토모티브,2010/05/25
492,140070,서플러스글로벌,2017/01/25
493,011370,서한,1994/05/24
494,065710,서호전기,2002/07/16
495,035890,서희건설,1999/12/24
496,357550,석경에이티,2020/12/23
497,003100,선광,1999/12/21
498,067370,선바이오,2022/10/05
499,171090,선익시스템,2017/09/20
500,086710,선진뷰티사이언스,2021/01/27
501,014620,성광벤드,2001/01/11
502,037350,성도이엔지,2000/01/11
503,081580,성우전자,2007/10/12
504,045300,성우테크론,2001/12/18
505,015750,성우하이텍,1995/11/04
506,365340,성일하이텍,2022/07/28
507,080470,성창오토텍,2006/11/03
508,043260,성호전자,2001/11/29
509,148150,세경하이테크,2019/07/30
510,053060,세동,2001/08/17
511,340440,세림B&G,2019/12/27
512,017510,세명전기,1991/12/26
513,011560,세보엠이씨,1996/12/23
514,396300,세아메카닉스,2022/03/24
515,100700,세운메디칼,2008/09/30
516,024830,세원물산,1994/12/29
517,258830,세종메디칼,2018/05/29
518,036630,세종텔레콤,2000/01/04
519,039310,세중,2000/06/09
520,067770,세진티에스,2004/01/09
521,053450,세코닉스,2001/08/09
522,222810,세토피아,2015/08/13
523,252500,세화피앤씨,2016/11/02
524,347000,센코,2020/10/29
525,331920,셀레믹스,2020/08/21
526,049180,셀루메드,2002/05/23
527,299660,셀리드,2019/02/20
528,268600,셀리버리,2018/11/09
529,108860,셀바스AI,2009/12/10
530,208370,셀바스헬스케어,2014/12/17
531,068760,셀트리온제약,2006/02/03
532,091990,셀트리온헬스케어,2017/07/28
533,068940,셀피글로벌,2010/10/19
534,060230,소니드,2002/06/25
535,290690,소룩스,2020/11/06
536,950200,소마젠,2020/07/13
537,032680,소프트센,1997/07/18
538,032685,소프트센우,2002/04/16
539,258790,소프트캠프,2017/04/27
540,066910,손오공,2005/01/07
541,043100,솔고바이오,2000/08/08
542,154040,솔루에타,2013/12/27
543,035610,솔본,1999/08/13
544,357780,솔브레인,2020/08/06
545,036830,솔브레인홀딩스,2000/01/18
546,304100,솔트룩스,2020/07/23
547,328380,솔트웨어,2019/08/20
548,086980,쇼박스,2006/07/07
549,050960,수산아이앤티,2016/10/11
550,084180,수성샐바시온,2005/12/16
551,253840,수젠텍,2019/05/28
552,236200,슈프리마,2016/02/05
553,317770,슈프리마아이디,2019/08/01
554,094840,슈프리마에이치큐,2008/07/11
555,192440,슈피겐코리아,2014/11/05
556,136510,스마트솔루션즈,2011/11/18
557,099440,스맥,2009/05/26
558,033790,스카이문스테크놀로지,2001/06/26
559,276040,스코넥,2022/02/04
560,159910,스킨앤스킨,2012/12/27
561,115570,스타플렉스,2010/01/27
562,330730,스톤브릿지벤처스,2022/02/25
563,204630,스튜디오산타클로스,2014/12/29
564,253450,스튜디오드래곤,2017/11/24
565,408900,스튜디오미르,2023/02/07
566,013810,스페코,1997/11/03
567,049830,승일,2001/01/18
568,020710,시공테크,1999/08/13
569,033170,시그네틱스,2010/11/26
570,048870,시너지이노베이션,2004/08/13
571,025320,시노펙스,1995/04/20
572,269620,시스웍,2017/12/26
573,131090,시큐브,2011/12/21
574,139050,시티랩스,2011/07/29
575,290520,신도기연,2020/07/06
576,001000,신라섬유,1994/06/28
577,025870,신라에스지,1995/07/07
578,215600,신라젠,2016/12/06
579,065350,신성델타테크,2004/08/06
580,162300,신스틸,2022/12/23
581,002800,신신제약,2017/02/28
582,419270,신영스팩7호,2022/04/28
583,430220,신영스팩8호,2022/08/26
584,445970,신영스팩9호,2022/12/27
585,017000,신원종합개발,1994/12/07
586,012790,신일제약,1999/08/13
587,138070,신진에스엠,2011/11/28
588,226330,신테카바이오,2019/12/17
589,418210,신한제10호스팩,2022/07/29
590,366330,신한제7호스팩,2021/02/04
591,393360,신한제8호스팩,2021/09/27
592,405640,신한제9호스팩,2022/04/27
593,056700,신화인터텍,2001/12/13
594,187270,신화콘텍,2014/08/08
595,243840,신흥에스이씨,2017/09/27
596,257720,실리콘투,2021/09/29
597,222800,심텍,2015/08/07
598,036710,심텍홀딩스,2000/01/04
599,160980,싸이맥스,2015/06/17
600,356890,싸이버원,2021/03/11
601,217330,싸이토젠,2018/11/22
602,010280,쌍용정보통신,2000/04/14
603,208640,썸에이지,2014/12/29
604,222420,쎄노텍,2015/08/06
605,037760,쎄니트,2000/04/07
606,099320,쎄트렉아이,2008/06/13
607,049960,쎌바이오텍,2002/12/13
608,050890,쏠리드,2005/07/08
609,013720,CBI,1993/12/29
610,066790,씨씨에스,2003/05/30
611,222080,씨아이에스,2015/09/02
612,352480,씨앤씨인터내셔널,2021/05/17
613,023460,CNH,1994/10/07
614,264660,씨앤지하이테크,2018/01/25
615,352700,씨앤투스,2021/01/28
616,056730,CNT85,2002/01/04
617,065770,CS,2004/06/04
618,297090,씨에스베어링,2019/11/21
619,083660,CSA 코스믹,2006/07/25
620,359090,씨엔알리서치,2020/09/23
621,115530,씨엔플러스,2011/11/02
622,115480,씨유메디칼,2011/12/15
623,376290,씨유테크,2021/10/08
624,189330,씨이랩,2021/02/24
625,311690,CJ 바이오사이언스,2019/12/26
626,035760,CJ ENM,1999/11/23
627,051500,CJ프레시웨이,2001/07/26
628,096530,씨젠,2010/09/10
629,900120,씨케이에이치,2010/03/31
630,101240,씨큐브,2011/11/08
631,060590,씨티씨바이오,2002/02/21
632,260930,씨티케이,2017/12/07
633,013990,아가방컴퍼니,2002/01/17
634,123860,아나패스,2010/11/05
635,025980,아난티,1996/01/06
636,058220,아리온,2005/08/05
637,125210,아모그린텍,2019/03/29
638,052710,아모텍,2003/08/01
639,074430,아미노로직스,2004/06/04
640,092040,아미코젠,2013/09/12
641,083930,아바코,2005/10/11
642,149950,아바텍,2012/11/06
643,036010,아비코전자,2002/07/03
644,050860,아세아텍,2010/01/26
645,136410,아셈스,2022/02/07
646,246720,아스타,2017/03/20
647,067390,아스트,2014/12/24
648,159010,아스플로,2021/10/07
649,127710,아시아경제,2015/07/31
650,227610,아우딘퓨쳐스,2017/07/12
651,143160,아이디스,2011/09/26
652,054800,아이디스홀딩스,2001/09/27
653,332370,아이디피,2020/08/24
654,339950,아이비김영,2019/12/24
655,405350,IBKS제17호스팩,2022/02/18
656,424760,IBKS제18호스팩,2022/07/22
657,426550,IBKS제19호스팩,2022/08/26
658,439730,IBKS제20호스팩,2022/10/28
659,442770,IBKS제21호스팩,2022/12/16
660,099190,아이센스,2013/01/30
661,289010,아이스크림에듀,2019/07/11
662,214430,아이쓰리시스템,2015/07/30
663,040910,아이씨디,2011/08/05
664,368600,아이씨에이치,2022/07/29
665,052860,아이앤씨,2009/10/06
666,095340,ISC,2007/10/01
667,069920,아이에스이커머스,2007/12/05
668,038880,아이에이,2000/04/27
669,307180,아이엘사이언스,2018/12/21
670,101390,아이엠,2008/07/23
671,052220,iMBC,2005/01/21
672,078860,아이오케이,2006/06/27
673,090150,아이윈,2006/10/20
674,123010,아이윈플러스,2016/07/20
675,031310,아이즈비전,1997/07/25
676,185490,아이진,2015/11/16
677,059100,아이컴포넌트,2008/12/16
678,262840,아이퀘스트,2021/02/05
679,175250,아이큐어,2018/07/12
680,052460,아이크래프트,2005/01/03
681,119830,아이텍,2010/10/26
682,052770,아이톡시,2002/08/22
683,124500,아이티센,2014/12/23
684,372800,아이티아이즈,2021/11/11
685,099520,ITX-AI,2009/12/22
686,084850,아이티엠반도체,2019/11/07
687,114840,아이패밀리에스씨,2021/10/28
688,027360,아주IB투자,2018/11/21
689,032080,아즈텍WB,2000/10/26
690,013310,아진산업,2015/12/22
691,059120,아진엑스텍,2014/07/24
692,158430,아톤,2019/10/17
693,067160,아프리카TV,2003/12/19
694,001540,안국약품,2000/06/15
695,053800,안랩,2001/09/13
696,065660,안트로젠,2016/02/15
697,297570,알로이스,2018/07/20
698,260660,알리코제약,2018/02/12
699,361570,알비더블유,2021/11/22
700,131370,알서포트,2011/01/05
701,140670,알에스오토메이션,2017/08/11
702,327260,RF머트리얼즈,2019/12/24
703,096610,알에프세미,2007/11/20
704,218410,RFHIC,2015/06/30
705,061040,알에프텍,2002/05/16
706,148250,알엔투테크놀로지,2016/06/22
707,347860,알체라,2020/12/21
708,196170,알테오젠,2014/12/12
709,123750,알톤스포츠,2010/07/02
710,085810,알티캐스트,2013/12/06
711,117670,알파홀딩스,2010/09/17
712,314140,알피바이오,2022/09/29
713,291650,압타머사이언스,2020/09/16
714,293780,압타바이오,2019/06/12
715,196300,애니젠,2016/12/07
716,310200,애니플러스,2018/12/21
717,179530,애드바이오텍,2022/01/24
718,900100,애머릿지,2010/04/21
719,205500,액션스퀘어,2014/11/12
720,052790,액토즈소프트,2001/08/14
721,290740,액트로,2018/08/28
722,238090,앤디포스,2016/10/12
723,092600,앤씨앤,2007/06/26
724,129890,앱코,2020/12/02
725,174900,앱클론,2017/09/18
726,255440,야스,2017/09/29
727,030960,양지사,1996/10/24
728,073570,어반리튬,2004/01/06
729,102120,어보브반도체,2009/06/05
730,263540,어스앤에어로스페이스,2017/09/15
731,238120,얼라인드,2016/11/03
732,019990,에너토크,2006/02/01
733,270660,에브리봇,2021/07/28
734,038680,에스넷,2000/04/27
735,217480,에스디생명공학,2017/03/02
736,121890,에스디시스템,2010/07/16
737,099220,SDN,2009/05/19
738,097780,에스맥,2008/01/23
739,289080,SV인베스트먼트,2018/07/06
740,151910,SBW생명과학,2012/08/02
741,389500,에스비비테크,2022/10/17
742,019550,SBI인베스트먼트,1989/09/06
743,046140,SBS콘텐츠허브,2003/02/05
744,042110,에스씨디,2000/07/13
745,036120,SCI평가정보,1999/12/07
746,298060,에스씨엠생명과학,2020/06/17
747,065420,에스아이리소스,2002/08/22
748,103230,에스앤더블류,2009/08/05
749,260970,에스앤디,2021/09/29
750,101490,에스앤에스텍,2009/04/14
751,095910,에스에너지,2007/10/16
752,275630,에스에스알,2018/08/06
753,419530,SAMG엔터,2022/12/06
754,031330,에스에이엠티,2000/05/23
755,060540,에스에이티,2006/11/28
756,351320,에스에이티이엔지,2020/06/22
757,056190,에스에프에이,2001/12/18
758,036540,SFA반도체,2001/05/02
759,080000,에스엔유,2005/01/25
760,091340,S&K폴리텍,2007/07/30
761,214310,에스엘바이오닉스,2015/06/25
762,063440,SM Life Design,2002/05/30
763,041510,에스엠,2000/04/27
764,048550,SM C&C,2001/01/18
765,007820,에스엠코어,2011/11/08
766,109610,에스와이,2015/12/29
767,306040,에스제이그룹,2019/11/18
768,016250,SGC이테크건설,1999/12/28
769,049470,SGA,2001/10/11
770,184230,SGA솔루션즈,2013/12/20
771,040610,SG&G,2000/04/27
772,255220,SG,2018/01/26
773,100090,에스케이오션플랜트,2008/08/01
774,435870,에스케이증권제8호스팩,2022/10/06
775,096630,에스코넥,2007/12/26
776,069510,에스텍,2003/11/14
777,041910,에스텍파마,2004/02/06
778,234300,에스트래픽,2017/12/05
779,039440,에스티아이,2002/02/28
780,098660,에스티오,2009/04/17
781,052020,에스티큐브,2001/07/05
782,237690,에스티팜,2016/06/23
783,050760,에스폴리텍,2002/05/16
784,288620,에스퓨얼셀,2018/10/15
785,317830,에스피시스템스,2019/08/14
786,058610,에스피지,2002/07/23
787,043340,에쎈테크,2000/08/29
788,187660,에이디엠코리아,2021/06/03
789,054630,에이디칩스,2001/11/13
790,200710,에이디테크놀로지,2014/12/16
791,096690,에이루트,2010/12/01
792,298380,에이비엘바이오,2018/12/19
793,203400,에이비온,2021/09/08
794,195990,에이비프로바이오,2015/04/13
795,003800,에이스침대,1996/05/03
796,088800,에이스테크,2006/03/27
797,241840,에이스토리,2019/07/19
798,312610,에이에프더블류,2019/07/01
799,297890,HB솔루션,2020/06/22
800,078150,HB테크놀러지,2004/12/08
801,072990,에이치시티,2016/10/17
802,036640,HRS,2000/05/30
803,227100,에이치앤비디자인,2018/11/15
804,028300,HLB,1996/07/27
805,067630,HLB생명과학,2008/11/25
806,047920,HLB제약,2015/12/21
807,115450,HLB테라퓨틱스,2010/03/26
808,239610,에이치엘사이언스,2016/10/28
809,353060,에이치엠씨제5호스팩,2020/12/16
810,148930,에이치와이티씨,2022/08/09
811,044780,에이치케이,2000/09/07
812,195940,HK이노엔,2021/08/09
813,403870,HPSP,2022/07/15
814,357230,에이치피오,2021/05/14
815,071670,에이테크솔루션,2009/04/17
816,045660,에이텍,2001/05/24
817,224110,에이텍티앤,2015/08/25
818,230980,에이트원,2016/03/02
819,021080,에이티넘인베스트,1991/07/12
820,089530,에이티세미콘,2011/11/11
821,200470,에이팩트,2014/12/26
822,262260,에이프로,2020/07/16
823,109960,에이프로젠 H&G,2009/11/13
824,397030,에이프릴바이오,2022/07/28
825,265520,AP시스템,2017/04/07
826,054620,APS홀딩스,2001/12/04
827,211270,AP위성,2016/03/04
828,089970,에이피티씨,2018/08/23
829,230240,에치에프알,2015/12/16
830,230360,에코마케팅,2016/08/08
831,038870,에코바이오,2001/05/29
832,101360,에코앤드림,2020/07/30
833,128540,에코캡,2018/12/05
834,086520,에코프로,2007/07/20
835,247540,에코프로비엠,2019/03/05
836,383310,에코프로에이치엔,2021/05/28
837,038110,에코플라스틱,2000/03/23
838,073540,에프알텍,2007/05/18
839,064850,에프앤가이드,2020/12/17
840,064090,에프앤리퍼블릭,2002/12/17
841,214270,FSN,2015/03/25
842,036810,에프에스티,2000/01/18
843,173940,에프엔씨엔터,2014/12/04
844,083500,에프엔에스테크,2017/02/27
845,054940,엑사이엔씨,2001/12/13
846,043090,엑서지21,2001/10/11
847,950130,엑세스바이오,2013/05/30
848,205100,엑셈,2014/11/07
849,356680,엑스게이트,2023/03/16
850,070300,엑스큐어,2010/06/09
851,092870,엑시콘,2015/10/22
852,317870,엔바이오니아,2019/10/24
853,067570,엔브이에이치코리아,2013/12/03
854,236810,엔비티,2021/01/21
855,333620,엔시스,2021/04/01
856,101400,엔시트론,2009/03/31
857,031860,엔에스엔,1997/01/07
858,391060,엔에이치스팩20호,2021/10/05
859,396770,엔에이치스팩22호,2021/12/24
860,422040,엔에이치스팩23호,2022/06/28
861,437780,엔에이치스팩24호,2022/10/20
862,438580,엔에이치스팩25호,2022/11/03
863,439410,엔에이치스팩26호,2022/12/01
864,440820,엔에이치스팩27호,2022/12/16
865,450410,엔에이치스팩28호,2023/03/09
866,104200,NHN벅스,2009/10/06
867,060250,NHN한국사이버결제,2002/01/08
868,265740,엔에프씨,2020/12/02
869,053290,NE능률,2002/12/10
870,354200,엔젠바이오,2020/12/10
871,419080,엔젯,2022/11/18
872,208860,엔지스테크널러지,2016/07/28
873,183490,엔지켐생명과학,2018/02/21
874,182400,엔케이맥스,2015/10/23
875,348370,엔켐,2021/11/01
876,069410,엔텔스,2007/06/20
877,227950,엔투텍,2015/11/18
878,291230,엔피,2018/09/13
879,198080,엔피디,2020/03/16
880,048830,엔피케이,2000/10/12
881,096870,엘디티,2008/05/02
882,376190,엘비루셈,2021/06/11
883,061970,엘비세미콘,2011/01/31
884,138690,엘아이에스,2011/06/02
885,290650,엘앤씨바이오,2018/11/01
886,066970,엘앤에프,2003/01/02
887,156100,엘앤케이바이오,2016/11/30
888,073110,엘엠에스,2007/10/12
889,083310,엘오티베큠,2005/10/05
890,037950,엘컴텍,2000/08/24
891,170920,엘티씨,2013/10/08
892,058630,엠게임,2008/12/19
893,058970,엠로,2021/08/13
894,019590,엠벤처투자,1989/03/14
895,179290,엠아이텍,2018/11/29
896,009780,엠에스씨,1993/10/12
897,123040,엠에스오토텍,2010/08/06
898,323230,엠에프엠코리아,2019/06/19
899,033160,엠케이전자,1997/11/10
900,347890,엠투아이,2020/07/29
901,033310,엠투엔,1997/11/10
902,259630,엠플러스,2017/09/20
903,065150,엠피대산,2007/07/18
904,050540,엠피씨플러스,2005/12/12
905,115960,연우,2015/11/02
906,060850,영림원소프트랩,2020/08/12
907,007530,영신금속,1994/08/05
908,143540,영우디에스피,2014/10/29
909,112290,영창케미칼,2022/07/14
910,036560,영풍정밀,1999/12/28
911,265560,영화테크,2017/10/26
912,036000,예림당,1999/11/30
913,250930,예선테크,2016/09/29
914,053280,예스24,2008/05/07
915,122640,예스티,2015/12/16
916,900300,오가닉티코스메틱,2016/11/04
917,045060,오공,2000/08/10
918,080520,오디텍,2007/10/08
919,039830,오로라,2001/01/03
920,322310,오로스테크놀로지,2021/02/24
921,046120,오르비텍,2010/06/15
922,014940,오리엔탈정공,2001/12/26
923,065500,오리엔트정공,2002/09/19
924,010470,오리콤,2000/10/24
925,417860,오브젠,2023/01/30
926,352910,오비고,2021/07/13
927,053980,오상자이엘,2002/04/09
928,052420,오성첨단소재,2001/08/07
929,241790,오션브릿지,2016/12/01
930,039200,오스코텍,2007/01/17
931,031510,오스템,1997/02/12
932,048260,오스템임플란트,2007/02/07
933,368970,오에스피,2022/10/14
934,138080,오이솔루션,2014/02/27
935,080580,오킨스전자,2014/12/24
936,067170,오텍,2003/11/14
937,353590,오토앤,2022/01/20
938,173130,오파스넷,2018/08/24
939,049480,오픈베이스,2001/01/09
940,394280,오픈엣지테크놀로지,2022/09/26
941,309930,오하임아이엔티,2018/12/20
942,244460,올리패스,2019/09/20
943,226950,올릭스,2018/07/18
944,057540,옴니시스템,2007/09/19
945,131030,옵투스제약,2010/12/03
946,082210,옵트론텍,2005/06/24
947,109080,옵티시스,2011/07/12
948,380540,옵티코어,2022/12/29
949,153710,옵티팜,2018/10/26
950,051390,YW,2001/11/15
951,321820,와이더플래닛,2021/02/03
952,057030,YBM넷,2004/06/08
953,122990,와이솔,2010/09/10
954,232140,와이아이케이,2015/12/24
955,065530,와이어블,2002/06/04
956,067900,와이엔텍,2005/12/23
957,155650,와이엠씨,2012/11/15
958,273640,와이엠텍,2021/09/10
959,251370,와이엠티,2017/04/27
960,066430,와이오엠,2002/12/24
961,193250,와이제이엠게임즈,2014/12/29
962,273060,와이즈버즈,2017/08/07
963,019210,와이지-원,1997/08/06
964,122870,와이지엔터테인먼트,2011/11/23
965,040300,YTN,2001/09/04
966,332570,와이팜,2020/07/31
967,079000,와토스코리아,2005/11/15
968,032820,우리기술,2000/06/22
969,041190,우리기술투자,2000/06/09
970,115440,우리넷,2010/01/27
971,046970,우리로,2012/11/27
972,082850,우리바이오,2005/07/29
973,215360,우리산업,2015/05/06
974,072470,우리산업홀딩스,2003/10/28
975,073560,우리손에프앤지,2016/07/27
976,037400,우리엔터프라이즈,1999/12/16
977,153490,우리이앤엘,2013/02/05
978,101170,우림피티에스,2009/04/28
979,066590,우수AMS,2003/02/12
980,103840,우양,2019/11/20
981,046940,우원개발,2002/06/18
982,215380,우정바이오,2015/05/18
983,065680,우주일렉트로,2004/01/02
984,018620,우진비앤지,2008/05/20
985,307280,원바이오젠,2018/12/05
986,053080,원방테크,2020/09/24
987,032940,원익,1997/07/18
988,104830,원익머트리얼즈,2011/12/28
989,240810,원익IPS,2016/05/02
990,014190,원익큐브,1996/04/26
991,074600,원익QnC,2003/12/12
992,217820,원익피앤이,2015/12/07
993,030530,원익홀딩스,1996/09/24
994,012620,원일특강,1994/06/28
995,382840,원준,2021/10/07
996,336570,원텍,2019/12/19
997,376980,원티드랩,2021/08/11
998,008370,원풍,1992/12/18
999,008290,원풍물산,1997/07/18
1000,101160,월덱스,2008/06/19
1001,336060,웨이버스,2019/11/28
1002,095270,웨이브일렉트로,2007/09/12
1003,065950,웰크론,2003/07/29
1004,076080,웰크론한텍,2008/07/18
1005,196700,웹스,2015/08/24
1006,069080,웹젠,2003/05/23
1007,053580,웹케시,2019/01/25
1008,071460,위니아,2016/07/14
1009,377460,위니아에이드,2022/06/23
1010,044340,위닉스,2000/10/24
1011,330350,위더스제약,2020/07/03
1012,348350,위드텍,2020/10/30
1013,112040,위메이드,2009/12/18
1014,101730,위메이드맥스,2009/06/03
1015,123420,위메이드플레이,2010/11/10
1016,065370,위세아이텍,2020/02/10
1017,038620,위즈코프,2000/05/04
1018,299900,위지윅스튜디오,2018/12/20
1019,036090,위지트,1999/12/10
1020,136540,윈스,2011/05/02
1021,320000,윈텍,2019/09/18
1022,097800,윈팩,2013/03/07
1023,192390,윈하이텍,2014/07/25
1024,313760,윌링스,2019/07/25
1025,335870,윙스풋,2019/12/09
1026,900340,윙입푸드,2018/11/30
1027,036200,유니셈,1999/12/10
1028,018000,유니슨,1996/01/10
1029,203450,유니온커뮤니티,2016/12/07
1030,011320,유니크,1993/12/29
1031,086390,유니테스트,2006/12/05
1032,241690,유니테크노,2016/09/20
1033,142210,유니트론텍,2016/02/02
1034,048430,유라테크,2001/01/11
1035,206650,유바이오로직스,2017/01/24
1036,089850,유비벨록스,2010/06/18
1037,084440,유비온,2022/11/18
1038,032620,유비케어,1997/05/02
1039,264450,유비쿼스,2017/03/31
1040,078070,유비쿼스홀딩스,2009/01/23
1041,024800,유성티엔에스,1999/12/10
1042,054930,유신,2002/01/15
1043,069330,유아이디,2003/08/18
1044,049520,유아이엘,2001/08/02
1045,435380,유안타제10호스팩,2022/10/06
1046,446150,유안타제12호스팩,2023/03/17
1047,449020,유안타제13호스팩,2023/02/28
1048,367480,유안타제8호스팩,2021/04/05
1049,430700,유안타제9호스팩,2022/08/04
1050,263770,유에스티,2017/04/06
1051,388720,유일로보틱스,2022/03/18
1052,340930,유일에너테크,2021/02/25
1053,023410,유진기업,1994/10/07
1054,373340,유진스팩6호,2021/04/08
1055,388800,유진스팩7호,2021/09/13
1056,413630,유진스팩8호,2022/03/31
1057,442130,유진스팩9호,2022/12/01
1058,056080,유진로봇,2001/11/13
1059,084370,유진테크,2006/01/17
1060,178780,유테크,2015/06/30
1061,179900,유티아이,2017/09/27
1062,263050,유틸렉스,2018/12/24
1063,191410,육일씨엔에쓰,2015/12/24
1064,372170,윤성에프앤씨,2022/11/14
1065,072770,율호,2007/07/25
1066,039020,이건홀딩스,2000/05/04
1067,067920,이글루,2010/08/04
1068,044960,이글벳,2000/11/16
1069,303530,이노뎁,2021/06/18
1070,296640,이노룰스,2022/10/07
1071,302430,이노메트리,2018/12/12
1072,056090,이노시스,2015/11/12
1073,073490,이노와이어리스,2005/02/04
1074,215790,이노인스트루먼트,2015/05/08
1075,344860,이노진,2023/02/20
1076,246960,이노테라피,2019/02/01
1077,088390,이녹스,2006/10/20
1078,272290,이녹스첨단소재,2017/07/10
1079,053350,이니텍,2001/11/15
1080,041520,이라이콤,2003/07/04
1081,264850,이랜시스,2017/06/01
1082,054210,이랜텍,2002/05/09
1083,164060,이루다,2020/08/06
1084,065440,이루온,2003/01/28
1085,115610,이미지스,2010/02/26
1086,078020,이베스트투자증권,2007/02/21
1087,131400,이브이첨단소재,2010/12/27
1088,351330,이삭엔지니어링,2021/04/21
1089,080010,이상네트웍스,2005/09/30
1090,086890,이수앱지스,2009/02/03
1091,047560,이스트소프트,2008/07/01
1092,900110,이스트아시아홀딩스,2010/04/23
1093,067010,이씨에스,2007/12/18
1094,102710,이엔에프테크놀로지,2009/05/28
1095,066980,이엔코퍼레이션,2003/01/17
1096,063760,이엘피,2017/04/06
1097,123570,이엠넷,2011/11/25
1098,083470,이엠앤아이,2008/09/18
1099,095190,이엠코리아,2007/10/29
1100,091120,이엠텍,2007/05/02
1101,039030,이오테크닉스,2000/08/24
1102,294090,이오플로우,2020/09/14
1103,245620,EDGC,2018/06/26
1104,088290,이원컴포텍,2009/12/01
1105,181340,이즈미디어,2017/07/26
1106,037370,EG,2000/01/11
1107,353810,이지바이오,2020/06/05
1108,099750,이지케어텍,2019/03/22
1109,377330,이지트로닉스,2022/02/04
1110,035810,이지홀딩스,1999/11/23
1111,160600,이큐셀,2015/06/26
1112,092130,이크레더블,2008/10/24
1113,096040,이트론,2008/01/25
1114,134060,이퓨쳐,2011/04/27
1115,001840,이화공영,1994/11/23
1116,024810,이화전기,1994/12/29
1117,041830,인바디,2000/12/14
1118,352940,인바이오,2020/12/11
1119,079950,인베니아,2005/02/04
1120,389470,인벤티지랩,2022/11/22
1121,277410,인산가,2017/09/29
1122,060150,인선이엔티,2002/06/14
1123,033230,인성정보,1999/07/30
1124,037330,인지디스플레,1999/12/14
1125,100030,인지소프트,2010/05/25
1126,211050,인카금융서비스,2022/02/16
1127,083640,인콘,2005/12/27
1128,216050,인크로스,2016/10/31
1129,049070,인탑스,2002/02/21
1130,119610,인터로조,2010/07/28
1131,017250,인터엠,1996/01/03
1132,051370,인터플렉스,2003/01/22
1133,064290,인텍플러스,2011/01/05
1134,189300,인텔리안테크,2016/10/18
1135,150840,인트로메딕,2013/12/19
1136,048530,인트론바이오,2011/01/26
1137,175140,인포마크,2015/09/23
1138,115310,인포바인,2010/02/09
1139,039290,인포뱅크,2006/07/04
1140,071200,인피니트헬스케어,2010/05/26
1141,101930,인화정공,2010/10/22
1142,333430,일승,2019/11/06
1143,068330,일신바이오,2007/12/26
1144,058450,일야,2002/01/17
1145,019540,일지테크,1992/11/03
1146,094820,일진파워,2007/11/06
1147,950140,잉글우드랩,2016/10/14
1148,049550,잉크테크,2002/02/28
1149,389020,자람테크놀로지,2023/03/07
1150,254120,자비스,2016/12/02
1151,043910,자연과환경,2005/11/18
1152,234920,자이글,2016/09/06
1153,289220,자이언트스텝,2021/03/24
1154,174880,장원테크,2016/07/15
1155,049630,재영솔루텍,2003/01/24
1156,417840,저스템,2022/10/28
1157,110020,전진바이오팜,2018/12/14
1158,208140,정다운,2014/12/17
1159,040420,정상제이엘에스,2000/08/01
1160,045510,정원엔시스,2000/09/07
1161,217190,제너셈,2015/09/25
1162,095700,제넥신,2009/09/15
1163,072520,제넨바이오,2004/10/29
1164,122310,제노레이,2018/05/28
1165,361390,제노코,2021/03/24
1166,225220,제놀루션,2020/07/24
1167,123330,제닉,2011/08/03
1168,159580,제로투세븐,2013/02/19
1169,147830,제룡산업,2012/02/13
1170,033100,제룡전기,1997/08/18
1171,079370,제우스,2006/02/01
1172,067290,JW신약,2003/02/11
1173,054950,제이브이엠,2006/06/07
1174,023440,제이스코홀딩스,1994/10/07
1175,090470,제이스텍,2007/01/10
1176,287410,제이시스메디칼,2018/05/08
1177,137950,제이씨케미칼,2011/08/08
1178,033320,제이씨현시스템,1997/11/10
1179,417500,제이아이테크,2022/11/04
1180,204270,제이앤티씨,2020/03/04
1181,026040,제이에스티나,1999/12/21
1182,126880,제이엔케이히터,2011/01/31
1183,322510,제이엘케이,2019/12/11
1184,033050,제이엠아이,1997/08/18
1185,094970,제이엠티,2007/10/12
1186,418550,제이오,2023/02/16
1187,035900,JYP Ent.,2001/08/30
1188,058420,제이웨이,2002/01/10
1189,089790,제이티,2006/10/27
1190,950170,JTC,2018/04/06
1191,052670,제일바이오,2002/01/24
1192,199820,제일전기공업,2020/11/26
1193,038010,제일테크노스,2000/01/11
1194,276730,제주맥주,2021/05/26
1195,080220,제주반도체,2005/02/01
1196,216080,제테마,2019/11/14
1197,229000,젠큐릭스,2020/06/25
1198,082270,젬백스,2005/06/24
1199,064800,젬백스링크,2002/08/22
1200,044060,조광ILI,2001/01/18
1201,034940,조아제약,1999/08/13
1202,067000,조이시티,2008/05/30
1203,033340,좋은사람들,1997/11/03
1204,036930,주성엔지니어링,1999/12/24
1205,357580,아모센스,2021/06/25
1206,226400,오스테오닉,2018/02/22
1207,187420,제노포커스,2015/05/29
1208,239340,줌인터넷,2016/06/09
1209,051980,중앙디앤엠,2001/07/31
1210,072020,중앙백신,2003/10/31
1211,000440,중앙에너비스,1993/03/24
1212,078650,지나인제약,2010/10/22
1213,228760,지노믹트리,2019/03/27
1214,314130,지놈앤컴퍼니,2020/12/23
1215,389030,지니너스,2021/11/08
1216,043610,지니뮤직,2000/07/20
1217,263860,지니언스,2017/08/02
1218,303030,지니틱스,2018/08/30
1219,036180,지더블유바이텍,1999/12/21
1220,208350,지란지교시큐리티,2014/12/24
1221,144510,지씨셀,2016/06/23
1222,382480,지아이텍,2021/10/21
1223,382800,지앤비에스엔지니어링,2021/10/29
1224,051160,지어소프트,2002/05/28
1225,053050,지에스이,2001/10/11
1226,130500,GH신소재,2013/08/02
1227,119850,지엔씨에너지,2013/10/02
1228,270520,지엔원에너지,2017/08/22
1229,065060,지엔코,2002/05/28
1230,204840,지엘팜텍,2014/11/20
1231,311320,지오엘리먼트,2021/11/11
1232,388050,지투파워,2022/04/01
1233,219750,지티지웰니스,2018/09/21
1234,018120,진로발효,1993/12/29
1235,109820,진매트릭스,2009/11/06
1236,086060,진바이오텍,2006/04/28
1237,036890,진성티이씨,2000/07/20
1238,363250,진시스템,2021/05/26
1239,007370,진양제약,2000/07/27
1240,085660,차바이오텍,2005/12/27
1241,261780,차백신연구소,2021/10/22
1242,900250,크리스탈신소재,2016/01/28
1243,094850,참좋은여행,2007/04/30
1244,004650,창해에탄올,2014/07/30
1245,278280,천보,2019/02/11
1246,362320,청담글로벌,2022/06/03
1247,066360,체리부로,2017/12/04
1248,047820,초록뱀미디어,2002/12/24
1249,131100,초록뱀이앤엠,2011/06/14
1250,052300,초록뱀컴퍼니,2001/08/02
1251,094360,칩스앤미디어,2015/08/05
1252,016790,카나리아바이오,2018/06/01
1253,016920,카스,1990/01/04
1254,284620,카이노스메드,2018/06/08
1255,293490,카카오게임즈,2020/09/10
1256,042000,카페24,2018/02/08
1257,317530,캐리소프트,2019/10/29
1258,071850,캐스텍코리아,2014/05/27
1259,050110,캠시스,2001/05/17
1260,119860,커넥트웨이브,2011/01/24
1261,223310,커머스마이너,2015/12/24
1262,900310,컬러레이,2017/08/10
1263,078340,컴투스,2007/07/06
1264,063080,컴투스홀딩스,2009/07/30
1265,307930,컴퍼니케이,2019/05/23
1266,079190,케스피온,2005/11/29
1267,263700,케어랩스,2018/03/28
1268,214370,케어젠,2015/11/17
1269,221980,케이디켐,2015/11/19
1270,900280,골든센츄리,2016/10/19
1271,024840,KBI메탈,1994/12/29
1272,424140,케이비제21호스팩,2022/06/23
1273,436530,케이비제22호스팩,2022/09/22
1274,440200,케이비제23호스팩,2022/11/03
1275,318000,KBG,2019/08/01
1276,192250,케이사인,2014/04/28
1277,021320,KCC건설,2001/08/21
1278,036670,KCI,2001/01/03
1279,115500,케이씨에스,2010/04/14
1280,089150,케이씨티,2006/12/13
1281,025880,케이씨피드,1995/07/07
1282,093320,케이아이엔엑스,2011/02/08
1283,073010,케이에스피,2004/12/17
1284,226360,KH 건설,2015/10/22
1285,060720,KH바텍,2002/05/21
1286,111870,KH 전자,2010/11/05
1287,122450,KX,2011/05/25
1288,052900,KX하이텍,2005/01/18
1289,105330,케이엔더블유,2009/09/29
1290,058400,KNN,2010/11/03
1291,272110,케이엔제이,2019/10/25
1292,039420,케이엘넷,2002/03/12
1293,083550,케이엠,2005/12/20
1294,032500,케이엠더블유,2000/03/21
1295,225430,케이엠제약,2015/10/08
1296,102370,케이옥션,2022/01/24
1297,046440,KG모빌리언스,2004/12/14
1298,035600,KG이니시스,2002/11/22
1299,151860,KG ETS,2013/07/24
1300,060370,KT서브마린,2002/02/15
1301,036030,케이티알파,1999/12/24
1302,064820,케이프,2007/05/29
1303,256940,케이피에스,2017/09/06
1304,024880,케이피에프,1994/12/29
1305,114450,KPX생명과학,2009/12/22
1306,042040,케이피엠테크,2003/01/07
1307,054410,케이피티유,2002/04/25
1308,258610,케일럼,2017/08/22
1309,274090,켄코아에어로스페이스,2020/03/03
1310,089010,켐트로닉스,2007/01/17
1311,220260,켐트로스,2015/07/27
1312,052400,코나아이,2001/10/18
1313,402030,코난테크놀로지,2022/07/07
1314,391710,코닉오토메이션,2021/10/15
1315,046070,코다코,2000/12/26
1316,047770,코데즈컴바인,2001/09/18
1317,078940,코드네이처,2004/08/27
1318,080530,코디,2010/01/05
1319,104540,코렌텍,2013/03/05
1320,027050,코리아나,1999/12/10
1321,190650,코리아에셋투자증권,2019/11/20
1322,123410,코리아에프티,2010/08/27
1323,036690,코맥스,2000/01/18
1324,049430,코메론,2001/01/16
1325,183300,코미코,2017/03/23
1326,041960,코미팜,2001/10/30
1327,089890,코세스,2006/11/08
1328,009730,코센,1990/07/27
1329,082660,코스나인,2005/10/05
1330,222040,코스맥스엔비티,2015/12/16
1331,241710,코스메카코리아,2016/10/28
1332,069110,코스온,2003/10/14
1333,166480,코아스템켐온,2015/06/26
1334,045970,코아시아,2000/08/03
1335,196450,코아시아옵틱스,2014/06/02
1336,029960,코엔텍,2004/06/18
1337,102940,코오롱생명과학,2009/04/07
1338,950160,코오롱티슈진,2017/11/06
1339,056000,코원플레이,2003/07/11
1340,033290,코웰패션,1997/10/13
1341,056360,코위버,2001/12/04
1342,282880,코윈테크,2019/08/05
1343,121850,코이즈,2012/09/27
1344,015710,코콤,1997/09/30
1345,052330,코텍,2001/07/10
1346,322780,코퍼스코리아,2019/05/31
1347,200130,콜마비앤에이치,2014/07/23
1348,294570,쿠콘,2021/04/28
1349,317690,퀀타매트릭스,2020/12/09
1350,365270,큐라클,2021/07/22
1351,060280,큐렉소,2002/07/03
1352,040350,큐로컴,2002/01/10
1353,051780,큐로홀딩스,2001/06/26
1354,115180,큐리언트,2016/02/29
1355,182360,큐브엔터,2013/11/21
1356,405100,큐알티,2022/11/02
1357,066310,큐에스아이,2006/11/24
1358,016600,큐캐피탈,1993/06/21
1359,096240,크레버스,2008/06/27
1360,043590,크로바하이텍,2001/12/20
1361,114120,크루셜텍,2010/07/21
1362,110790,크리스에프앤씨,2018/10/01
1363,083790,크리스탈지노믹스,2006/01/06
1364,045520,크린앤사이언스,2000/12/05
1365,036170,클라우드에어,1999/12/21
1366,214150,클래시스,2015/04/03
1367,352770,클리노믹스,2020/12/04
1368,237880,클리오,2016/11/09
1369,139670,키네마스터,2011/12/02
1370,413600,키움제6호스팩,2022/04/07
1371,433530,키움제7호스팩,2022/09/07
1372,054780,키이스트,2003/11/14
1373,219130,타이거일렉,2015/09/25
1374,360070,탑머티리얼,2022/10/18
1375,065130,탑엔지니어링,2003/01/29
1376,134580,탑코미디어,2013/11/26
1377,023160,태광,1994/09/07
1378,323280,태성,2019/06/24
1379,053620,태양,2001/08/07
1380,044490,태웅,2001/11/08
1381,124560,태웅로직스,2019/12/10
1382,191420,테고사이언스,2014/11/06
1383,073640,테라사이언스,2004/01/06
1384,066700,테라젠이텍스,2004/05/27
1385,095610,테스,2008/05/20
1386,064520,테크엘,2002/12/04
1387,089030,테크윙,2011/11/10
1388,054450,텔레칩스,2004/12/10
1389,091440,텔레필드,2008/02/01
1390,200230,텔콘RF제약,2014/11/24
1391,215480,토박스코리아,2015/05/13
1392,051360,토비스,2004/11/19
1393,045340,토탈소프트,2002/07/19
1394,108230,톱텍,2009/09/15
1395,079970,투비소프트,2010/06/01
1396,199800,툴젠,2021/12/10
1397,105550,트루윈,2014/07/11
1398,290090,트윔,2021/11/17
1399,026150,특수건설,1997/08/06
1400,322180,티라유텍,2019/10/31
1401,117730,티로보틱스,2018/11/29
1402,033830,티비씨,2010/11/29
1403,057680,티사이언티픽,2002/06/18
1404,204610,티쓰리,2022/11/17
1405,064760,티씨케이,2003/08/18
1406,246710,티앤알바이오팹,2018/11/28
1407,340570,티앤엘,2020/11/20
1408,043220,티에스넥스젠,2001/07/03
1409,277880,티에스아이,2020/07/22
1410,131290,티에스이,2011/01/05
1411,246690,TS인베스트먼트,2016/12/15
1412,317240,TS트릴리온,2019/04/29
1413,425420,티에프이,2022/11/17
1414,356860,티엘비,2020/12/14
1415,062860,티엘아이,2006/07/25
1416,321550,티움바이오,2019/11/22
1417,425040,티이엠씨,2023/01/19
1418,032540,TJ미디어,1997/04/16
1419,022220,TKG애강,2006/04/11
1420,104480,티케이케미칼,2011/04/26
1421,081150,티플랙스,2009/04/23
1422,130740,티피씨글로벌,2011/02/08
1423,048770,TPC,2001/01/16
1424,084730,팅크웨어,2006/05/19
1425,046210,파나진,2000/08/16
1426,058530,파나케이아,2002/02/05
1427,034230,파라다이스,2002/11/05
1428,033540,파라텍,1997/12/26
1429,043200,파루,2000/07/19
1430,214450,파마리서치,2015/07/24
1431,208340,파멥신,2018/11/21
1432,177830,파버나인,2014/08/04
1433,037070,파세코,2000/01/04
1434,150900,파수,2013/10/18
1435,037030,파워넷,2018/06/07
1436,047310,파워로직스,2003/07/25
1437,368770,파이버프로,2021/01/21
1438,170790,파이오링크,2013/08/01
1439,049120,파인디앤씨,2001/07/26
1440,038950,파인디지털,2000/05/04
1441,441270,파인엠텍,2022/10/07
1442,106240,파인테크닉스,2009/03/16
1443,131760,파인텍,2015/08/17
1444,065690,파커스,2002/07/16
1445,140860,파크시스템스,2015/12/17
1446,091700,파트론,2006/12/13
1447,032800,판타지오,1997/06/26
1448,318010,팜스빌,2019/10/22
1449,027710,팜스토리,1996/07/06
1450,225590,패션플랫폼,2015/10/05
1451,054300,팬스타엔터프라이즈,2002/01/10
1452,068050,팬엔터테인먼트,2006/07/07
1453,222110,팬젠,2016/03/11
1454,263750,펄어비스,2017/09/14
1455,251970,펌텍코리아,2019/07/04
1456,168360,펨트론,2022/11/24
1457,087010,펩트론,2015/07/22
1458,119500,포메탈,2010/09/17
1459,389140,포바이포,2022/04/28
1460,022100,포스코 ICT,2000/11/28
1461,189690,포시에스,2015/02/11
1462,318020,포인트모바일,2020/12/03
1463,256630,포인트엔지니어링,2017/05/02
1464,331380,포커스에이치엔에스,2019/10/02
1465,234100,폴라리스세원,2017/10/20
1466,041020,폴라리스오피스,2005/10/28
1467,114630,폴라리스우노,2010/01/15
1468,290720,푸드나무,2018/10/04
1469,005670,푸드웰,1993/12/07
1470,094940,푸른기술,2007/09/14
1471,007330,푸른저축은행,1993/12/07
1472,093380,풍강,2007/06/01
1473,023900,풍국주정,1994/11/23
1474,371950,풍원정밀,2022/02/28
1475,370090,퓨런티어,2022/02/23
1476,220100,퓨쳐켐,2016/12/01
1477,035200,프럼파스트,2002/01/15
1478,334970,프레스티지바이오로직스,2021/03/11
1479,203690,프로스테믹스,2014/09/30
1480,321260,프로이천,2019/05/31
1481,053610,프로텍,2001/08/17
1482,377220,프롬바이오,2021/09/28
1483,335810,프리시젼바이오,2020/12/22
1484,053160,프리엠스,2001/10/30
1485,405000,플라즈맵,2022/10/21
1486,041590,플래스크,2002/11/01
1487,367000,플래티어,2021/08/12
1488,075130,플랜티넷,2005/06/10
1489,237820,플레이디,2020/03/12
1490,023770,플레이위드,1994/11/07
1491,300080,플리토,2019/07/17
1492,032580,피델릭스,1997/04/22
1493,051380,피씨디렉트,2002/02/15
1494,241820,피씨엘,2017/02/23
1495,237750,피앤씨테크,2016/07/04
1496,024850,피에스엠씨,2001/01/18
1497,319660,피에스케이,2019/05/10
1498,031980,피에스케이홀딩스,1997/01/07
1499,002230,피에스텍,1991/01/04
1500,057880,피에이치씨,2003/12/29
1501,043370,피에이치에이,2001/12/13
1502,239890,피엔에이치테크,2021/02/16
1503,347740,피엔케이피부임상연구센타,2020/09/09
1504,137400,피엔티,2012/07/06
1505,024940,PN풍년,1995/01/04
1506,128660,피제이메탈,2010/12/13
1507,006140,피제이전자,1993/12/07
1508,376180,피코그램,2021/11/03
1509,304840,피플바이오,2020/10/19
1510,062970,피피아이,2019/12/26
1511,087600,픽셀플러스,2015/06/12
1512,291810,핀텔,2022/10/20
1513,161580,필옵틱스,2017/06/01
1514,347770,핌스,2020/09/18
1515,163730,핑거,2021/01/29
1516,417180,핑거스토리,2022/12/08
1517,446750,하나26호스팩,2023/03/07
1518,388220,하나금융19호스팩,2021/10/07
1519,400560,하나금융20호스팩,2021/12/27
1520,406760,하나금융21호스팩,2022/02/25
1521,418170,하나금융22호스팩,2022/05/26
1522,427950,하나금융23호스팩,2022/09/15
1523,430230,하나금융24호스팩,2022/09/29
1524,435620,하나금융25호스팩,2022/10/20
1525,299030,하나기술,2020/11/25
1526,067310,하나마이크론,2005/10/11
1527,372290,하나머스트7호스팩,2021/03/05
1528,166090,하나머티리얼즈,2017/04/28
1529,136480,하림,2011/05/02
1530,003380,하림지주,2017/06/30
1531,101670,하이드로리튬,2008/07/15
1532,365590,하이딥,2020/12/21
1533,149980,하이로닉,2014/12/17
1534,013030,하이록코리아,1989/12/15
1535,126700,하이비젼시스템,2010/09/10
1536,106080,하이소닉,2010/02/09
1537,377400,하이제6호스팩,2021/05/10
1538,400840,하이제7호스팩,2021/12/20
1539,221840,하이즈항공,2015/11/25
1540,106190,하이텍팜,2010/07/28
1541,373200,하인크코리아,2021/02/26
1542,066130,하츠,2003/02/11
1543,004590,한국가구,1993/06/03
1544,039340,한국경제TV,2004/07/30
1545,034950,한국기업평가,2002/02/07
1546,222980,한국맥널티,2015/12/23
1547,256840,한국비엔씨,2016/12/28
1548,025550,한국선재,1995/06/19
1549,017890,한국알콜,1992/08/04
1550,080720,한국유니온제약,2018/07/26
1551,063570,한국전자금융,2006/07/14
1552,041460,한국전자인증,2010/11/19
1553,101680,한국정밀기계,2009/05/19
1554,039740,한국정보공학,2000/07/06
1555,053300,한국정보인증,2014/02/04
1556,025770,한국정보통신,1998/01/20
1557,409570,한국제10호스팩,2022/02/21
1558,436610,한국제11호스팩,2022/10/20
1559,023760,한국캐피탈,1994/11/07
1560,054040,한국컴퓨터,2002/01/15
1561,021650,한국큐빅,2003/01/24
1562,053590,한국테크놀로지,2001/08/23
1563,032300,한국파마,2020/08/10
1564,037230,한국팩키지,1999/12/21
1565,030520,한글과컴퓨터,1996/09/24
1566,052600,한네트,2001/07/10
1567,256150,한독크린텍,2019/09/05
1568,092460,한라IMS,2007/05/22
1569,047080,한빛소프트,2002/01/10
1570,114810,한솔아이원스,2013/02/07
1571,070590,한솔인티큐브,2004/01/08
1572,226440,한송네오텍,2015/10/06
1573,042520,한스바이오메드,2009/10/09
1574,078350,한양디지텍,2004/05/14
1575,045100,한양이엔지,2000/08/31
1576,024740,한일단조,1996/11/29
1577,005860,한일사료,1994/11/07
1578,123840,한일진공,2010/10/05
1579,007770,한일화학,1992/09/07
1580,198940,한주라이트메탈,2023/01/19
1581,079170,한창산업,2005/02/01
1582,054920,한컴위드,2001/11/01
1583,002680,한탑,1995/07/07
1584,386580,한화플러스제2호스팩,2021/08/05
1585,430460,한화플러스제3호스팩,2022/09/29
1586,034810,해성산업,1999/04/16
1587,03481K,해성산업1우,2021/12/02
1588,076610,해성옵틱스,2013/11/06
1589,059270,해성티피씨,2021/04/21
1590,220180,핸디소프트,2016/11/24
1591,900270,헝셩그룹,2016/08/18
1592,214180,헥토이노베이션,2015/06/30
1593,234340,헥토파이낸셜,2019/07/12
1594,084990,헬릭스미스,2005/12/29
1595,170030,현대공업,2013/12/04
1596,319400,현대무벡스,2019/05/08
1597,052260,현대바이오랜드,2001/05/17
1598,048410,현대바이오,2002/08/08
1599,041440,현대에버다임,2003/11/14
1600,039010,현대에이치티,2000/07/20
1601,090850,현대이지웰,2013/12/27
1602,092300,현우산업,2007/10/24
1603,138360,협진,2013/11/08
1604,011080,형지I&C,2004/07/02
1605,060560,홈센타홀딩스,2002/07/11
1606,064240,홈캐스트,2003/06/11
1607,039610,화성밸브,2000/03/16
1608,126640,화신정공,2010/08/31
1609,127980,화인써키트,2023/02/17
1610,061250,화일약품,2002/04/18
1611,097870,효성오앤비,2008/04/08
1612,290270,휴네시온,2018/08/02
1613,353190,휴럼,2020/06/17
1614,192410,휴림네트웍스,2014/08/14
1615,090710,휴림로봇,2006/12/05
1616,205470,휴마시스,2014/12/01
1617,115160,휴맥스,2009/11/16
1618,028080,휴맥스홀딩스,1997/04/16
1619,032860,휴먼엔,1997/07/04
1620,200670,휴메딕스,2014/12/26
1621,065510,휴비츠,2003/10/31
1622,215090,휴센텍,2015/04/28
1623,263920,휴엠앤씨,2017/09/28
1624,243070,휴온스,2016/06/03
1625,084110,휴온스글로벌,2006/12/19
1626,145020,휴젤,2015/12/24
1627,024060,흥구석유,1994/12/07
1628,010240,흥국,2009/05/12
1629,189980,흥국에프엔비,2015/08/07
1630,037440,희림,2000/02/03
1631,238490,힘스,2017/07/20
